tip_name,genus,species,s,s_group,gene_name,ncbi_accession,chromosome,genomic_location,sequence_length,isoelectric_point,molecular_weight,aromaticity,instability_index,frac_helix,frac_turn,frac_sheet
Citrus_maxima|Chr2|41876704__41877864,Citrus,maxima,no,,,,Chr2,41876704__41877864,382,6.97195034,43844.4079,0.117801047,36.70497382,0.335078534,0.232984293,0.209424084
Coffea_eugenioides|NC_040036.1|74981693__74982931,Coffea,eugenioides,no,,,NC_040036.1,,74981693__74982931,385,5.973914528,43899.955,0.116883117,27.11896104,0.350649351,0.192207792,0.228571429
Coffea_eugenioides|NC_040036.1|74935095__74936318,Coffea,eugenioides,no,,,NC_040036.1,,74935095__74936318,386,7.931368065,44530.0771,0.137305699,38.82409326,0.373056995,0.222797927,0.227979275
Prunus_avium|NW_018923340.1|54216__55538,Prunus,avium,no,,,NW_018923340.1,,54216__55538,353,6.542815971,39635.6641,0.090651558,42.2223796,0.368271955,0.260623229,0.232294618
Prunus_avium|NW_018921806.1|149898__151040,Prunus,avium,no,,,NW_018921806.1,,149898__151040,373,6.676899147,44180.3334,0.144772118,51.80782842,0.378016086,0.203753351,0.233243968
Prunus_avium|SFB3|NW_018924247.1|46539__47684,Prunus,avium,yes,Prunus,SFB3,NW_018924247.1,,46539__47684,369,6.25270977,43117.3928,0.12195122,50.32848238,0.363143631,0.208672087,0.227642276
Prunus_avium|SFB4|AB111521,Prunus,avium,yes,Prunus,SFB4,AB111521,,,368,6.998266792,43118.3015,0.138586957,49.23263587,0.372282609,0.220108696,0.214673913
Prunus_avium|SFB1|AB111518,Prunus,avium,yes,Prunus,SFB1,AB111518,,,368,6.284937477,42555.5772,0.125,46.58019022,0.364130435,0.220108696,0.211956522
Prunus_avium|SFB2|AB111519,Prunus,avium,yes,Prunus,SFB2,AB111519,,,370,5.846652031,43237.2715,0.127027027,49.51651351,0.375675676,0.216216216,0.22972973
Prunus_avium|SFB5|AY805050,Prunus,avium,yes,Prunus,SFB5,AY805050,,,363,5.691254234,41694.4912,0.1184573,47.17,0.363636364,0.214876033,0.223140496
Prunus_avium|SFB7|EU035976,Prunus,avium,yes,Prunus,SFB7,EU035976,,,369,6.703272438,42733.0844,0.132791328,50.72872629,0.368563686,0.227642276,0.211382114
Prunus_avium|SFB9|DQ422809,Prunus,avium,yes,Prunus,SFB9,DQ422809,,,369,6.021716118,42966.12,0.12195122,51.74661247,0.363143631,0.208672087,0.227642276
Prunus_avium|SFB13|DQ385844,Prunus,avium,yes,Prunus,SFB13,DQ385844,,,369,6.73578434,42772.063,0.12195122,46.36479675,0.376693767,0.208672087,0.224932249
Prunus_avium|SFB10|AY805053,Prunus,avium,yes,Prunus,SFB10,AY805053,,,362,6.557878304,42343.2238,0.129834254,47.16218232,0.367403315,0.220994475,0.220994475
Prunus_avium|SFB12|AY805054,Prunus,avium,yes,Prunus,SFB12,AY805054,,,364,6.394125175,42171.3696,0.131868132,50.96401099,0.354395604,0.211538462,0.239010989
Prunus_avium|SFB6|AB096858,Prunus,avium,yes,Prunus,SFB6,AB096858,,,368,5.969765282,42269.245,0.119565217,57.91877717,0.35326087,0.22826087,0.22826087
Prunus_avium|SFB16|AY805056,Prunus,avium,yes,Prunus,SFB16,AY805056,,,368,5.626685143,42667.6539,0.125,58.74622283,0.350543478,0.222826087,0.230978261
Solanum_chilense|RXGB01001490.1|15960__17249,Solanum,chilense,no,,,RXGB01001490.1,,15960__17249,390,5.519032097,45120.6274,0.138461538,33.99312821,0.369230769,0.246153846,0.205128205
Solanum_chilense|RXGB01005248.1|2558__3913,Solanum,chilense,no,,,RXGB01005248.1,,2558__3913,401,5.499479485,46409.1781,0.119700748,39.37109726,0.351620948,0.229426434,0.209476309
Malus_domestica|XM_008344673.3,Malus,domestica,no,,,XM_008344673.3,,,367,6.977179527,41825.3352,0.100817439,44.9133515,0.346049046,0.253405995,0.204359673
Malus_domestica|XM_017330766.2,Malus,domestica,no,,,XM_017330766.2,,,385,7.874571419,43747.8971,0.116883117,36.37771429,0.345454545,0.249350649,0.202597403
Malus_domestica|XM_029107945.1,Malus,domestica,no,,,XM_029107945.1,,,401,8.032583427,45515.1435,0.10723192,41.52493766,0.356608479,0.249376559,0.224438903
Prunus_avium|NW_018921552.1|551194__552507,Prunus,avium,no,,,NW_018921552.1,,551194__552507,406,7.005087471,45895.862,0.110837438,36.89608374,0.342364532,0.256157635,0.226600985
Prunus_avium|NW_018921400.1|28078__29517,Prunus,avium,no,,,NW_018921400.1,,28078__29517,397,8.29574337,45085.6709,0.105793451,35.00710327,0.380352645,0.219143577,0.234256927
Prunus_avium|NW_018921324.1|627815__629071,Prunus,avium,no,,,NW_018921324.1,,627815__629071,392,6.59124279,45020.3654,0.117346939,31.64772959,0.362244898,0.229591837,0.227040816
Prunus_avium|NW_018921535.1|61265__62440,Prunus,avium,no,,,NW_018921535.1,,61265__62440,379,6.862705803,43706.1427,0.134564644,38.79234828,0.372031662,0.205804749,0.250659631
Prunus_avium|NW_018921743.1|112515__113708,Prunus,avium,no,,,NW_018921743.1,,112515__113708,385,8.754306984,44169.4402,0.116883117,45.01350649,0.353246753,0.225974026,0.225974026
Prunus_avium|NW_018922414.1|55151__56533,Prunus,avium,no,,,NW_018922414.1,,55151__56533,394,8.93875103,45435.0274,0.126903553,41.33147208,0.362944162,0.220812183,0.21319797
Prunus_avium|NW_018922415.1|88937__90262,Prunus,avium,no,,,NW_018922415.1,,88937__90262,397,8.950419807,45575.7457,0.113350126,49.84307305,0.337531486,0.236775819,0.211586902
Prunus_avium|NW_018921463.1|33775__35085,Prunus,avium,no,,,NW_018921463.1,,33775__35085,402,5.618898201,45889.6974,0.111940299,39.24878109,0.343283582,0.213930348,0.236318408
Prunus_avium|NW_018921383.1|242463__243725,Prunus,avium,no,,,NW_018921383.1,,242463__243725,398,6.340639687,45771.5367,0.118090452,43.04198492,0.331658291,0.218592965,0.231155779
Spinacia_oleracea|LZYP01000033.1|341819__343042,Spinacia,oleracea,no,,,LZYP01000033.1,,341819__343042,353,8.484248924,40061.9065,0.121813031,38.05580737,0.393767705,0.269121813,0.203966006
Stenocereus_thurberi|NCQT01153715.1|293__1594,Stenocereus,thurberi,no,,,NCQT01153715.1,,293__1594,362,8.428290367,40997.1757,0.107734807,42.79176796,0.395027624,0.254143646,0.190607735
Schlumbergera_truncata|FB_05,Schlumbergera,truncata,no,,FB_05,,,,373,8.810394478,42432.8714,0.104557641,39.67592493,0.388739946,0.241286863,0.1769437
Solanum_chilense|RXGB01001394.1|89962__91419,Solanum,chilense,no,,,RXGB01001394.1,,89962__91419,410,6.111180687,46454.1257,0.112195122,44.41243902,0.346341463,0.273170732,0.190243902
Coffea_eugenioides|NC_040043.1|841057__842427,Coffea,eugenioides,no,,,NC_040043.1,,841057__842427,373,8.501397514,43136.8668,0.126005362,36.55603217,0.396782842,0.233243968,0.209115282
Coffea_eugenioides|NC_040043.1|823953__825233,Coffea,eugenioides,no,,,NC_040043.1,,823953__825233,379,5.364941597,43108.7974,0.131926121,35.7955409,0.37994723,0.248021108,0.213720317
Solanum_chilense|RXGB01004244.1|6799__7956,Solanum,chilense,no,,,RXGB01004244.1,,6799__7956,364,5.615999413,42024.8681,0.134615385,49.10497253,0.406593407,0.25,0.236263736
Coffea_eugenioides|NC_040045.1|24021644__24022891,Coffea,eugenioides,no,,,NC_040045.1,,24021644__24022891,373,8.28658886,42846.5823,0.131367292,43.4536193,0.380697051,0.243967828,0.206434316
Coffea_eugenioides|NC_040045.1|24012749__24014026,Coffea,eugenioides,no,,,NC_040045.1,,24012749__24014026,370,6.105894661,42526.2747,0.135135135,29.69189189,0.386486486,0.243243243,0.221621622
Coffea_eugenioides|NC_040045.1|24007935__24009287,Coffea,eugenioides,no,,,NC_040045.1,,24007935__24009287,371,6.096573067,42813.7415,0.129380054,39.51296496,0.39083558,0.210242588,0.226415094
Coffea_eugenioides|NC_040045.1|24003845__24005119,Coffea,eugenioides,no,,,NC_040045.1,,24003845__24005119,368,5.766736412,42429.5445,0.125,38.46415761,0.388586957,0.211956522,0.233695652
Citrus_maxima|Chr8|2794283__2795521,Citrus,maxima,no,,,,Chr8,2794283__2795521,378,8.039868355,43590.7904,0.121693122,33.40185185,0.37037037,0.206349206,0.222222222
Citrus_maxima|Chr8|2781257__2782597,Citrus,maxima,no,,,,Chr8,2781257__2782597,410,6.560549736,46959.4176,0.131707317,33.51756098,0.375609756,0.229268293,0.214634146
Citrus_maxima|Chr8|2762501__2763997,Citrus,maxima,no,,,,Chr8,2762501__2763997,402,7.613719368,45750.9828,0.121890547,43.22492537,0.360696517,0.266169154,0.213930348
Citrus_maxima|Chr8|2769041__2770363,Citrus,maxima,no,,,,Chr8,2769041__2770363,407,5.882290077,46371.4337,0.13022113,49.43717445,0.368550369,0.245700246,0.226044226
Spinacia_oleracea|LZYP01000701.1|30204__31295,Spinacia,oleracea,no,,,LZYP01000701.1,,30204__31295,349,8.206905937,40254.4248,0.111747851,38.43982808,0.378223496,0.197707736,0.23782235
Spinacia_oleracea|LZYP01001791.1|78121__79701,Spinacia,oleracea,no,,,LZYP01001791.1,,78121__79701,371,7.213686562,43200.7059,0.145552561,36.63396226,0.371967655,0.237196765,0.223719677
Spinacia_oleracea|LZYP01000149.1|585315__586490,Spinacia,oleracea,no,,,LZYP01000149.1,,585315__586490,383,9.338326073,45071.3248,0.130548303,27.86138381,0.37075718,0.208877285,0.190600522
Stenocereus_thurberi|NCQT01133548.1|9054__10214,Stenocereus,thurberi,no,,,NCQT01133548.1,,9054__10214,363,7.279960823,41298.0672,0.112947658,25.43063361,0.369146006,0.212121212,0.20661157
Spinacia_oleracea|LZYP01000149.1|439948__441078,Spinacia,oleracea,no,,,LZYP01000149.1,,439948__441078,353,7.597463417,40221.4496,0.11898017,37.46685552,0.376770538,0.243626062,0.226628895
Spinacia_oleracea|LZYP01000247.1|248857__250119,Spinacia,oleracea,no,,,LZYP01000247.1,,248857__250119,361,8.592426872,40586.3162,0.121883657,44.02301939,0.349030471,0.288088643,0.210526316
Spinacia_oleracea|LZYP01000247.1|244537__245694,Spinacia,oleracea,no,,,LZYP01000247.1,,244537__245694,369,8.720332146,42303.5816,0.130081301,39.14853659,0.357723577,0.254742547,0.211382114
Spinacia_oleracea|LZYP01000149.1|417083__418258,Spinacia,oleracea,no,,,LZYP01000149.1,,417083__418258,360,8.986070824,41180.2293,0.133333333,30.07055556,0.363888889,0.272222222,0.194444444
Spinacia_oleracea|LZYP01000149.1|460328__461503,Spinacia,oleracea,no,,,LZYP01000149.1,,460328__461503,365,8.548588371,42131.5872,0.109589041,30.87178082,0.353424658,0.24109589,0.21369863
Spinacia_oleracea|LZYP01000149.1|452726__453886,Spinacia,oleracea,no,,,LZYP01000149.1,,452726__453886,360,8.743089485,41451.9851,0.102777778,41.08583333,0.352777778,0.236111111,0.216666667
Stenocereus_thurberi|NCQT01094215.1|6176__7300,Stenocereus,thurberi,no,,,NCQT01094215.1,,6176__7300,356,9.059113503,40845.7667,0.134831461,49.0252809,0.387640449,0.238764045,0.255617978
Stenocereus_thurberi|NCQT01120313.1|4580__5755,Stenocereus,thurberi,no,,,NCQT01120313.1,,4580__5755,355,8.757336998,40299.0961,0.104225352,38.45802817,0.366197183,0.264788732,0.21971831
Stenocereus_thurberi|NCQT01125906.1|2189__3376,Stenocereus,thurberi,no,,,NCQT01125906.1,,2189__3376,364,6.823771095,41900.5017,0.120879121,47.59972527,0.362637363,0.252747253,0.21978022
Stenocereus_thurberi|NCQT01053214.1|604__1710,Stenocereus,thurberi,no,,,NCQT01053214.1,,604__1710,336,8.671400642,38815.0788,0.12797619,41.59735119,0.348214286,0.25,0.18452381
Schlumbergera_truncata|FB_06,Schlumbergera,truncata,no,,FB_06,,,,353,8.002992439,40902.9507,0.113314448,35.27308782,0.359773371,0.212464589,0.235127479
Stenocereus_thurberi|NCQT01143535.1|21972__23045,Stenocereus,thurberi,no,,,NCQT01143535.1,,21972__23045,332,5.307534218,38180.5695,0.111445783,43.86626506,0.361445783,0.201807229,0.237951807
Stenocereus_thurberi|NCQT01094600.1|12946__14019,Stenocereus,thurberi,no,,,NCQT01094600.1,,12946__14019,349,5.303328133,40005.7006,0.106017192,41.63065903,0.35530086,0.206303725,0.266475645
Stenocereus_thurberi|NCQT01015545.1|5443__6597,Stenocereus,thurberi,no,,,NCQT01015545.1,,5443__6597,309,5.242339897,35727.313,0.116504854,43.10097087,0.362459547,0.229773463,0.220064725
Stenocereus_thurberi|NCQT01094600.1|18818__19924,Stenocereus,thurberi,no,,,NCQT01094600.1,,18818__19924,353,6.171088982,40845.1796,0.121813031,38.86008499,0.359773371,0.232294618,0.235127479
Stenocereus_thurberi|NCQT01015545.1|105__1217,Stenocereus,thurberi,no,,,NCQT01015545.1,,105__1217,359,8.430031013,41713.6633,0.111420613,44.31253482,0.348189415,0.217270195,0.21448468
Citrus_maxima|Chr5|18824416__18825597,Citrus,maxima,no,,,,Chr5,18824416__18825597,349,9.064593315,39350.1263,0.134670487,29.35358166,0.392550143,0.243553009,0.220630372
Prunus_avium|NW_018921731.1|64338__65471,Prunus,avium,no,,,NW_018921731.1,,64338__65471,360,6.098676109,41297.0885,0.1,38.42586111,0.375,0.219444444,0.258333333
Malus_domestica|XM_008344550.3,Malus,domestica,no,,,XM_008344550.3,,,352,6.543327522,39836.693,0.107954545,47.84411932,0.386363636,0.232954545,0.275568182
Spinacia_oleracea|LZYP01000057.1|408293__409567,Spinacia,oleracea,no,,,LZYP01000057.1,,408293__409567,406,4.80581646,46794.2108,0.128078818,41.07561576,0.359605911,0.229064039,0.18226601
Stenocereus_thurberi|NCQT01005222.1|5545__7026,Stenocereus,thurberi,yes,Cactaceae,,NCQT01005222.1,,5545__7026,400,5.903206825,46579.5162,0.1525,45.918525,0.3725,0.2725,0.1875
Schlumbergera_truncata|FB_10,Schlumbergera,truncata,yes,Cactaceae,FB_10,,,,424,5.20675869,49354.6827,0.139150943,45.71511792,0.377358491,0.257075472,0.198113208
Stenocereus_thurberi|NCQT01079924.1|4343__5686,Stenocereus,thurberi,yes,Cactaceae,,NCQT01079924.1,,4343__5686,381,5.050451469,44422.9596,0.154855643,43.07272966,0.388451444,0.254593176,0.194225722
Stenocereus_thurberi|NCQT01136539.1|6688__8193,Stenocereus,thurberi,yes,Cactaceae,,NCQT01136539.1,,6688__8193,400,5.01833744,46421.7769,0.1475,41.14625,0.3775,0.245,0.18
Schlumbergera_truncata|FB_07,Schlumbergera,truncata,yes,Cactaceae,FB_07,,,,427,6.250208855,49559.2657,0.142857143,41.30494145,0.395784543,0.259953162,0.18735363
Stenocereus_thurberi|NCQT01079924.1|566__1909,Stenocereus,thurberi,yes,Cactaceae,,NCQT01079924.1,,566__1909,403,5.214772987,47207.5605,0.151364764,41.33076923,0.379652605,0.2382134,0.210918114
Stenocereus_thurberi|NCQT01159269.1|1912__3273,Stenocereus,thurberi,yes,Cactaceae,,NCQT01159269.1,,1912__3273,402,4.988724327,46532.1339,0.144278607,43.23855721,0.36318408,0.258706468,0.213930348
Stenocereus_thurberi|NCQT01086271.1|1779__3158,Stenocereus,thurberi,yes,Cactaceae,,NCQT01086271.1,,1779__3158,412,5.574336433,47760.8471,0.131067961,47.49684466,0.359223301,0.242718447,0.194174757
Schlumbergera_truncata|FB_11,Schlumbergera,truncata,yes,Cactaceae,FB_11,,,,416,5.967093849,48357.8667,0.144230769,40.49711538,0.391826923,0.257211538,0.194711538
Schlumbergera_truncata|FB_12,Schlumbergera,truncata,yes,Cactaceae,FB_12,,,,415,5.494932365,47944.9778,0.137349398,44.89207229,0.373493976,0.255421687,0.204819277
Stenocereus_thurberi|NCQT01064740.1|2154__3428,Stenocereus,thurberi,yes,Cactaceae,,NCQT01064740.1,,2154__3428,348,5.919974327,40249.6311,0.132183908,39.87557471,0.370689655,0.247126437,0.215517241
Stenocereus_thurberi|NCQT01137885.1|5657__6937,Stenocereus,thurberi,yes,Cactaceae,,NCQT01137885.1,,5657__6937,412,5.049939919,47385.0737,0.128640777,48.48254854,0.366504854,0.262135922,0.189320388
Schlumbergera_truncata|FB_09,Schlumbergera,truncata,yes,Cactaceae,FB_09,,,,413,4.871977043,47353.2538,0.12590799,44.54869249,0.368038741,0.263922518,0.188861985
Schlumbergera_truncata|FB_08,Schlumbergera,truncata,yes,Cactaceae,FB_08,,,,412,4.886016273,47461.3368,0.128640777,48.08084951,0.371359223,0.269417476,0.186893204
Schlumbergera_truncata|FB_17,Schlumbergera,truncata,yes,Cactaceae,FB_17,,,,400,5.388188744,46877.9987,0.16,38.67925,0.38,0.2275,0.205
Schlumbergera_truncata|FB_13,Schlumbergera,truncata,yes,Cactaceae,FB_13,,,,403,5.548190498,47034.7048,0.168734491,34.61491315,0.384615385,0.243176179,0.166253102
Schlumbergera_truncata|FB_14,Schlumbergera,truncata,yes,Cactaceae,FB_14,,,,401,5.428089714,47231.1137,0.162094763,35.46164589,0.371571072,0.226932668,0.211970075
Schlumbergera_truncata|FB_15,Schlumbergera,truncata,yes,Cactaceae,FB_15,,,,402,5.062842369,47171.2348,0.171641791,32.39552239,0.402985075,0.221393035,0.206467662
Schlumbergera_truncata|FB_16,Schlumbergera,truncata,yes,Cactaceae,FB_16,,,,402,5.883881569,47460.8233,0.15920398,40.51768657,0.400497512,0.218905473,0.196517413
Prunus_avium|NW_018922019.1|255205__256356,Prunus,avium,no,,,NW_018922019.1,,255205__256356,376,5.430192757,43257.1329,0.130319149,37.43917553,0.375,0.234042553,0.199468085
Malus_domestica|XM_008343476.2,Malus,domestica,no,,,XM_008343476.2,,,395,5.827213097,45752.7594,0.124050633,34.26607595,0.382278481,0.22278481,0.202531646
Citrus_maxima|S6-SLF10|1054856__1056001,Citrus,maxima,yes,Rutaceae,S6-SLF10,,,1054856__1056001,362,5.215398216,42767.8467,0.14640884,32.68563536,0.375690608,0.237569061,0.212707182
Citrus_maxima|S6-SLF12|1048271__1049392,Citrus,maxima,yes,Rutaceae,S6-SLF12,,,1048271__1049392,349,6.093049049,40309.9379,0.131805158,36.53126074,0.375358166,0.243553009,0.249283668
Citrus_maxima|S6-SLF11|1052408__1053583,Citrus,maxima,yes,Rutaceae,S6-SLF11,,,1052408__1053583,349,5.209089088,40543.7096,0.128939828,39.73469914,0.369627507,0.232091691,0.232091691
Citrus_maxima|S6-SLF8|1082162__1083301,Citrus,maxima,yes,Rutaceae,S6-SLF8,,,1082162__1083301,348,5.591501808,40529.0238,0.137931034,41.26235632,0.376436782,0.229885057,0.201149425
Citrus_maxima|S6-SLF9|1086056__1087198,Citrus,maxima,yes,Rutaceae,S6-SLF9,,,1086056__1087198,346,6.367069817,40592.1641,0.144508671,41.51705202,0.387283237,0.23699422,0.210982659
Citrus_maxima|S6-SLF5|1155846__1156970,Citrus,maxima,yes,Rutaceae,S6-SLF5,,,1155846__1156970,347,5.203973579,40363.7848,0.149855908,43.53752161,0.386167147,0.224783862,0.213256484
Citrus_maxima|S6-SLF7|1108265__1109386,Citrus,maxima,yes,Rutaceae,S6-SLF7,,,1108265__1109386,348,5.080405617,40553.2156,0.129310345,40.39054598,0.393678161,0.201149425,0.252873563
Citrus_maxima|S6-SLF6|1150606__1151748,Citrus,maxima,yes,Rutaceae,S6-SLF6,,,1150606__1151748,345,6.22968998,40119.863,0.12173913,47.41223188,0.385507246,0.217391304,0.249275362
Citrus_maxima|S6-SLF4|1187590__1188705,Citrus,maxima,yes,Rutaceae,S6-SLF4,,,1187590__1188705,362,5.351016045,42406.3009,0.14640884,38.45055249,0.375690608,0.209944751,0.212707182
Citrus_maxima|S6-SLF2|1259356__1260480,Citrus,maxima,yes,Rutaceae,S6-SLF2,,,1259356__1260480,356,4.836054802,41501.8032,0.154494382,40.16123596,0.379213483,0.25,0.230337079
Citrus_maxima|S6-SLF3|1253040__1254155,Citrus,maxima,yes,Rutaceae,S6-SLF3,,,1253040__1254155,358,4.930123329,42445.0232,0.164804469,46.90530726,0.391061453,0.201117318,0.215083799
Citrus_maxima|S6-SLF1|1262358__1263458,Citrus,maxima,yes,Rutaceae,S6-SLF1,,,1262358__1263458,353,5.128434563,41491.9879,0.150141643,47.97849858,0.379603399,0.223796034,0.226628895
Spinacia_oleracea|LZYP01000055.1|202238__203374,Spinacia,oleracea,no,,,LZYP01000055.1,,202238__203374,383,5.681193733,45237.1874,0.169712794,36.9321671,0.38381201,0.208877285,0.219321149
Schlumbergera_truncata|FB_19,Schlumbergera,truncata,no,,FB_19,,,,373,5.013108253,42720.3203,0.126005362,38.13994638,0.36461126,0.249329759,0.219839142
Spinacia_oleracea|LZYP01001725.1|145395__146717,Spinacia,oleracea,no,,,LZYP01001725.1,,145395__146717,373,5.417574501,43220.1536,0.150134048,43.09439678,0.404825737,0.235924933,0.214477212
Spinacia_oleracea|LZYP01000030.1|1879804__1880934,Spinacia,oleracea,no,,,LZYP01000030.1,,1879804__1880934,353,4.59943409,40666.6909,0.147308782,40.90566572,0.379603399,0.23796034,0.212464589
Stenocereus_thurberi|NCQT01109187.1|3448__4770,Stenocereus,thurberi,no,,,NCQT01109187.1,,3448__4770,356,4.618304634,41166.3935,0.123595506,38.27896067,0.376404494,0.213483146,0.261235955
Schlumbergera_truncata|FB_20,Schlumbergera,truncata,no,,FB_20,,,,356,4.633480644,41086.0702,0.129213483,36.32643258,0.373595506,0.224719101,0.244382022
Spinacia_oleracea|LZYP01000938.1|182939__184447,Spinacia,oleracea,no,,,LZYP01000938.1,,182939__184447,417,5.36982975,47775.7893,0.134292566,48.3240048,0.354916067,0.244604317,0.208633094
Coffea_eugenioides|NC_040040.1|4595970__4597052,Coffea,eugenioides,no,,,NC_040040.1,,4595970__4597052,350,8.567928886,39970.4439,0.131428571,33.66174286,0.382857143,0.245714286,0.208571429
Solanum_chilense|RXGB01012564.1|2848__3969,Solanum,chilense,no,,,RXGB01012564.1,,2848__3969,363,6.149149132,42278.309,0.123966942,47.57801653,0.38292011,0.214876033,0.225895317
Solanum_chilense|RXGB01023942.1|1397__2674,Solanum,chilense,no,,,RXGB01023942.1,,1397__2674,364,5.437979698,41610.2668,0.120879121,45.20332418,0.379120879,0.222527473,0.222527473
Solanum_chilense|RXGB01006023.1|7205__8350,Solanum,chilense,no,,,RXGB01006023.1,,7205__8350,361,5.479642677,41590.1109,0.130193906,39.7465374,0.373961219,0.224376731,0.213296399
Solanum_chilense|RXGB01003116.1|6022__7227,Solanum,chilense,no,,,RXGB01003116.1,,6022__7227,375,5.786971092,44050.6377,0.162666667,42.06810667,0.376,0.218666667,0.194666667
Solanum_chilense|RXGB01003116.1|2647__3828,Solanum,chilense,no,,,RXGB01003116.1,,2647__3828,371,6.023080254,42984.6674,0.132075472,42.35283019,0.342318059,0.223719677,0.218328841
Solanum_chilense|RXGB01003116.1|8957__10162,Solanum,chilense,no,,,RXGB01003116.1,,8957__10162,371,6.285562706,43609.1901,0.164420485,33.66765499,0.374663073,0.239892183,0.18328841
Solanum_chilense|RXGB01003116.1|11703__12908,Solanum,chilense,no,,,RXGB01003116.1,,11703__12908,374,6.071734428,43597.2675,0.155080214,32.52812834,0.377005348,0.229946524,0.168449198
Stenocereus_thurberi|NCQT01051356.1|2015__3238,Stenocereus,thurberi,no,,,NCQT01051356.1,,2015__3238,401,4.909036064,46318.969,0.144638404,35.58805486,0.344139651,0.226932668,0.199501247
Spinacia_oleracea|LZYP01002067.1|79312__80526,Spinacia,oleracea,no,,,LZYP01002067.1,,79312__80526,393,4.875614738,45007.3153,0.119592875,39.18753181,0.351145038,0.231552163,0.213740458
Spinacia_oleracea|LZYP01000051.1|770725__771825,Spinacia,oleracea,no,,,LZYP01000051.1,,770725__771825,334,6.025922203,39230.526,0.146706587,35.2138024,0.395209581,0.209580838,0.194610778
Stenocereus_thurberi|NCQT01034509.1|19565__20824,Stenocereus,thurberi,no,,,NCQT01034509.1,,19565__20824,358,6.148012352,40761.0203,0.108938547,40.33910615,0.332402235,0.251396648,0.217877095
Schlumbergera_truncata|FB_18,Schlumbergera,truncata,no,,FB_18,,,,358,5.91866703,40539.7729,0.111731844,40.70670391,0.337988827,0.254189944,0.217877095
Solanum_chilense|RXGB01007378.1|14558__15655,Solanum,chilense,no,,,RXGB01007378.1,,14558__15655,362,8.711177635,42248.4695,0.121546961,45.31052486,0.41160221,0.254143646,0.168508287
Coffea_eugenioides|NC_040039.1|3159958__3161067,Coffea,eugenioides,no,,,NC_040039.1,,3159958__3161067,364,8.440023613,41848.9325,0.107142857,40.49038462,0.368131868,0.252747253,0.206043956
Citrus_maxima|Chr6|22063352__22064530,Citrus,maxima,no,,,,Chr6,22063352__22064530,372,7.60911541,43048.4632,0.129032258,44.77129032,0.38172043,0.215053763,0.244623656
Citrus_maxima|Chr1|18451214__18452290,Citrus,maxima,no,,,,Chr1,18451214__18452290,352,7.978881264,39961.0097,0.130681818,26.97301136,0.369318182,0.230113636,0.224431818
Citrus_maxima|Chr6|22957213__22958403,Citrus,maxima,no,,,,Chr6,22957213__22958403,382,6.806207848,44568.1909,0.143979058,36.01806283,0.40052356,0.206806283,0.217277487
Prunus_avium|NW_018921449.1|182998__184425,Prunus,avium,no,,,NW_018921449.1,,182998__184425,452,5.14997654,51417.0356,0.115044248,43.1020354,0.353982301,0.245575221,0.223451327
Prunus_avium|SLFL7A|NW_018921718.1|628204__629532,Prunus,avium,no,,SLFL7A,NW_018921718.1,,628204__629532,429,4.857369423,49555.2468,0.130536131,42.51002331,0.377622378,0.221445221,0.237762238
Prunus_avium|SLFL1|AB280953,Prunus,avium,no,,SLFL1,AB280953,,,399,4.670198631,46372.1722,0.142857143,43.10804511,0.363408521,0.250626566,0.223057644
Prunus_avium|SLFL3|NW_018925187.1|41091__42341,Prunus,avium,no,,SLFL3,NW_018925187.1,,41091__42341,399,4.911195946,46585.3226,0.140350877,46.80338346,0.378446115,0.213032581,0.250626566
Malus_domestica|XM_008372398.2,Malus,domestica,no,,,XM_008372398.2,,,403,4.645587349,46857.4051,0.143920596,44.43781638,0.387096774,0.223325062,0.2382134
Prunus_avium|SLFL6|LC438401,Prunus,avium,no,,SLFL6,LC438401,,,440,4.801667213,50629.7051,0.120454545,34.58436364,0.347727273,0.204545455,0.222727273
Malus_domestica|XM_008390723.2,Malus,domestica,no,,,XM_008390723.2,,,381,6.369059181,43565.0192,0.12335958,43.21839895,0.388451444,0.244094488,0.220472441
Prunus_avium|SLFL2|NW_018927702.1|301__1575,Prunus,avium,no,,SLFL2,NW_018927702.1,,301__1575,409,4.564989662,46310.8491,0.095354523,39.02789731,0.344743276,0.24205379,0.251833741
Malus_domestica|XM_029094498.1,Malus,domestica,no,,,XM_029094498.1,,,379,4.742384148,42758.5994,0.110817942,42.87184697,0.372031662,0.229551451,0.221635884
Malus_domestica|XM_029108083.1,Malus,domestica,no,,,XM_029108083.1,,,373,5.037833214,42475.3731,0.117962466,41.78152815,0.391420912,0.235924933,0.219839142
Malus_domestica|XM_029108075.1,Malus,domestica,no,,,XM_029108075.1,,,373,4.971899986,42419.2634,0.117962466,39.35150134,0.391420912,0.238605898,0.217158177
Malus_domestica|SFBB|XM_029097963.1,Malus,domestica,yes,Maleae,SFBB,XM_029097963.1,,,388,5.645612526,44915.5796,0.12628866,44.97012887,0.355670103,0.244845361,0.206185567
Malus_domestica|SFBB|NM_001328921.1,Malus,domestica,yes,Maleae,SFBB,NM_001328921.1,,,384,5.619864464,44323.1122,0.122395833,48.50546875,0.361979167,0.231770833,0.208333333
Malus_domestica|SFBB|XM_008388108.3,Malus,domestica,yes,Maleae,SFBB,XM_008388108.3,,,388,5.380458641,44643.3368,0.12371134,46.93195876,0.342783505,0.25257732,0.208762887
Malus_domestica|SFBB|XM_029097397.1,Malus,domestica,yes,Maleae,SFBB,XM_029097397.1,,,394,5.127809334,45232.7847,0.129441624,41.84314721,0.362944162,0.251269036,0.21319797
Malus_domestica|SFBB|XM_008355598.3,Malus,domestica,yes,Maleae,SFBB,XM_008355598.3,,,391,4.985029793,44835.5058,0.130434783,49.66421995,0.358056266,0.248081841,0.217391304
Malus_domestica|SFBB|XM_008340205.3,Malus,domestica,yes,Maleae,SFBB,XM_008340205.3,,,386,5.565867424,44577.5281,0.121761658,46.11217617,0.357512953,0.251295337,0.20984456
Malus_domestica|SFBB|XM_029097930.1,Malus,domestica,yes,Maleae,SFBB,XM_029097930.1,,,385,5.196698189,44300.1287,0.127272727,46.74132468,0.368831169,0.241558442,0.202597403
Malus_domestica|SFBB|XM_008364263.2,Malus,domestica,yes,Maleae,SFBB,XM_008364263.2,,,385,5.369943428,44506.4211,0.12987013,46.95381818,0.361038961,0.241558442,0.218181818
Malus_domestica|SFBB|XM_029096717.1,Malus,domestica,yes,Maleae,SFBB,XM_029096717.1,,,385,5.301168251,44892.3954,0.135064935,51.68548052,0.358441558,0.233766234,0.215584416
Malus_domestica|SFBB|XM_029097876.1,Malus,domestica,yes,Maleae,SFBB,XM_029097876.1,,,384,5.195959282,44192.9689,0.125,50.09794271,0.361979167,0.2421875,0.216145833
Malus_domestica|SFBB|XM_029097347.1,Malus,domestica,yes,Maleae,SFBB,XM_029097347.1,,,384,5.199938011,44232.9728,0.1328125,46.04536458,0.364583333,0.229166667,0.216145833
Malus_domestica|SFBB|XM_008344808.3,Malus,domestica,yes,Maleae,SFBB,XM_008344808.3,,,384,6.159323311,44420.3534,0.127604167,49.22085937,0.364583333,0.229166667,0.216145833
Malus_domestica|SFBB|XM_017324144.2,Malus,domestica,yes,Maleae,SFBB,XM_017324144.2,,,374,5.713137245,43305.9407,0.14973262,40.83510695,0.371657754,0.237967914,0.189839572
Malus_domestica|SFBB|XM_029098579.1,Malus,domestica,yes,Maleae,SFBB,XM_029098579.1,,,383,4.881298637,44237.1482,0.133159269,36.58174935,0.368146214,0.240208877,0.19843342
Malus_domestica|SFBB|NM_001328801.1,Malus,domestica,yes,Maleae,SFBB,NM_001328801.1,,,383,5.236314964,44648.5931,0.133159269,44.99532637,0.362924282,0.227154047,0.193211488
Malus_domestica|SFBB|XM_029097976.1,Malus,domestica,yes,Maleae,SFBB,XM_029097976.1,,,382,4.763755608,43960.6916,0.136125654,42.2973822,0.37434555,0.219895288,0.222513089
Malus_domestica|SFBB|XM_029097937.1,Malus,domestica,yes,Maleae,SFBB,XM_029097937.1,,,390,5.629186058,45165.7027,0.133333333,45.88282051,0.356410256,0.248717949,0.207692308
Solanum_chilense|SLF-17|RXGB01005172.1|1337__2518,Solanum,chilense,yes,Solanaceae,SLF-17,RXGB01005172.1,,1337__2518,372,5.841309166,43378.475,0.139784946,49.00946237,0.387096774,0.201612903,0.182795699
Solanum_chilense|SLF-22|RXGB01001630.1|7151__8284,Solanum,chilense,yes,Solanaceae,SLF-22,RXGB01001630.1,,7151__8284,364,6.362465858,42570.5204,0.142857143,41.19945055,0.403846154,0.247252747,0.178571429
Solanum_chilense|SLF-2|RXGB01007648.1|38246__39427,Solanum,chilense,yes,Solanaceae,SLF-2,RXGB01007648.1,,38246__39427,372,5.664767265,43675.2859,0.139784946,42.45567204,0.387096774,0.201612903,0.190860215
Solanum_chilense|SLF-21|RXGB01008044.1|30916__32229,Solanum,chilense,yes,Solanaceae,SLF-21,RXGB01008044.1,,30916__32229,372,6.672579384,43521.057,0.129032258,46.5252957,0.400537634,0.204301075,0.22311828
Solanum_chilense|SLF-5|RXGB01018085.1|3989__5158,Solanum,chilense,yes,Solanaceae,SLF-5,RXGB01018085.1,,3989__5158,368,5.91980381,43006.3894,0.135869565,48.7307337,0.377717391,0.233695652,0.206521739
Solanum_chilense|SLF-6|RXGB01010666.1|5861__7006,Solanum,chilense,yes,Solanaceae,SLF-6,RXGB01010666.1,,5861__7006,369,5.261551476,43066.8439,0.135501355,50.1000542,0.39295393,0.224932249,0.219512195
Solanum_chilense|SLF-13|RXGB01021912.1|1039__2241,Solanum,chilense,yes,Solanaceae,SLF-13,RXGB01021912.1,,1039__2241,379,5.150317574,44402.3367,0.139841689,36.08290237,0.382585752,0.213720317,0.19525066
Solanum_chilense|SLF-4|RXGB01002813.1|85037__86203,Solanum,chilense,yes,Solanaceae,SLF-4,RXGB01002813.1,,85037__86203,369,5.522385597,42273.0244,0.12195122,55.5504336,0.360433604,0.262872629,0.181571816
Solanum_chilense|SLF-11|RXGB01001409.1|49611__50783,Solanum,chilense,yes,Solanaceae,SLF-11,RXGB01001409.1,,49611__50783,370,6.506268501,42965.1659,0.127027027,55.21548649,0.386486486,0.232432432,0.205405405
Solanum_chilense|SLF-12|RXGB01007129.1|18978__20141,Solanum,chilense,yes,Solanaceae,SLF-12,RXGB01007129.1,,18978__20141,369,5.572119713,43201.1788,0.149051491,45.21845528,0.39295393,0.235772358,0.18699187
Solanum_chilense|SLF-9|RXGB01000120.1|16065__17207,Solanum,chilense,yes,Solanaceae,SLF-9,RXGB01000120.1,,16065__17207,360,4.974400902,41855.4997,0.127777778,50.58891667,0.375,0.219444444,0.191666667
Solanum_chilense|SLF-20|RXGB01002505.1|54984__56150,Solanum,chilense,yes,Solanaceae,SLF-20,RXGB01002505.1,,54984__56150,367,5.258652687,42107.7559,0.125340599,44.50901907,0.397820163,0.239782016,0.204359673
Solanum_chilense|SLF-23|RXGB01004977.1|85449__86606,Solanum,chilense,yes,Solanaceae,SLF-23,RXGB01004977.1,,85449__86606,369,4.924382591,42791.6394,0.127371274,40.84715447,0.39295393,0.203252033,0.214092141
Solanum_chilense|SLF-7|RXGB01007022.1|6797__8002,Solanum,chilense,yes,Solanaceae,SLF-7,RXGB01007022.1,,6797__8002,368,5.655786705,42424.4095,0.127717391,44.52883152,0.399456522,0.260869565,0.173913043
Solanum_chilense|SLF-1|RXGB01002604.1|29645__30820,Solanum,chilense,yes,Solanaceae,SLF-1,RXGB01002604.1,,29645__30820,373,5.413879967,43391.3182,0.134048257,48.46597855,0.380697051,0.254691689,0.230563003
Coffea_eugenioides|SLF|NC_040043.1|41616136__41617161,Coffea,eugenioides,yes,Rubiaceae,SLF,NC_040043.1,,41616136__41617161,331,5.512893486,37677.9498,0.114803625,43.29033233,0.371601208,0.241691843,0.238670695
Coffea_eugenioides|SLF|NC_040042.1|3617341__3618465,Coffea,eugenioides,yes,Rubiaceae,SLF,NC_040042.1,,3617341__3618465,284,5.376707268,32725.477,0.112676056,50.9215493,0.348591549,0.232394366,0.253521127
Coffea_eugenioides|SLF|NC_040041.1|10705995__10707212,Coffea,eugenioides,yes,Rubiaceae,SLF,NC_040041.1,,10705995__10707212,379,7.174865532,43463.8948,0.121372032,48.43007916,0.36939314,0.242744063,0.232189974
Coffea_eugenioides|SLF|NC_040042.1|2727794__2728981,Coffea,eugenioides,yes,Rubiaceae,SLF,NC_040042.1,,2727794__2728981,379,6.699009514,43083.3054,0.116094987,39.39738786,0.361477573,0.253298153,0.216358839
Coffea_eugenioides|SLF|NC_040035.1|32961919__32963022,Coffea,eugenioides,yes,Rubiaceae,SLF,NC_040035.1,,32961919__32963022,360,5.011516762,41281.072,0.119444444,56.25475,0.377777778,0.236111111,0.258333333
Coffea_eugenioides|SLF|NC_040039.1|31458897__31460123,Coffea,eugenioides,yes,Rubiaceae,SLF,NC_040039.1,,31458897__31460123,370,5.083815956,42387.9976,0.116216216,46.40648649,0.351351351,0.240540541,0.22972973
Coffea_eugenioides|SLF|NC_040035.1|1878203__1879351,Coffea,eugenioides,yes,Rubiaceae,SLF,NC_040035.1,,1878203__1879351,370,5.159639168,41926.6451,0.118918919,35.2627027,0.359459459,0.256756757,0.218918919
Antirrhinum_hispanicum|SLF-S5D|AJ515536|6529__7653,Antirrhinum,hispanicum,yes,Plantaginaceae,SLF-S5D,AJ515536,,6529__7653,364,6.172339439,41377.3553,0.107142857,48.24230769,0.351648352,0.247252747,0.214285714
Antirrhinum_hispanicum|SLF-S4D|AJ515534|5054__6178,Antirrhinum,hispanicum,yes,Plantaginaceae,SLF-S4D,AJ515534,,5054__6178,364,6.394125175,41368.3518,0.104395604,45.09423077,0.351648352,0.244505495,0.217032967
Antirrhinum_hispanicum|SLF-S2D|KT369121|119119__120243,Antirrhinum,hispanicum,yes,Plantaginaceae,SLF-S2D,KT369121,,119119__120243,364,6.54514637,41378.3068,0.107142857,45.46071429,0.348901099,0.252747253,0.214285714
Antirrhinum_hispanicum|SLF-S5K|AJ515536|42972__44120,Antirrhinum,hispanicum,yes,Plantaginaceae,SLF-S5K,AJ515536,,42972__44120,369,5.951747322,42651.7831,0.124661247,40.77317073,0.379403794,0.216802168,0.224932249
Antirrhinum_hispanicum|SLF-S1K|AJ515535|55537__56685,Antirrhinum,hispanicum,yes,Plantaginaceae,SLF-S1K,AJ515535,,55537__56685,369,5.742068291,42779.9753,0.124661247,42.46476965,0.379403794,0.208672087,0.230352304
Antirrhinum_hispanicum|SLF-S2C|KT369121|129041__130228,Antirrhinum,hispanicum,yes,Plantaginaceae,SLF-S2C,KT369121,,129041__130228,373,7.208798409,43578.6175,0.144772118,41.88847185,0.378016086,0.230563003,0.198391421
Antirrhinum_hispanicum|SLF-S2A|KT369121|108999__110204,Antirrhinum,hispanicum,yes,Plantaginaceae,SLF-S2A,KT369121,,108999__110204,369,4.825539589,42537.6205,0.132791328,47.84094851,0.401084011,0.227642276,0.238482385
Antirrhinum_hispanicum|SLF-S5A|AJ515536|13483__14658,Antirrhinum,hispanicum,yes,Plantaginaceae,SLF-S5A,AJ515536,,13483__14658,369,4.881241798,42600.6864,0.132791328,46.76560976,0.39295393,0.219512195,0.241192412
Antirrhinum_hispanicum|SLF-S4A|AJ515534|21200__22375,Antirrhinum,hispanicum,yes,Plantaginaceae,SLF-S4A,AJ515534,,21200__22375,369,4.866179466,42427.49,0.132791328,49.41845528,0.395663957,0.230352304,0.241192412
Antirrhinum_hispanicum|SLF-S5E|AJ515536|64511__65665,Antirrhinum,hispanicum,yes,Plantaginaceae,SLF-S5E,AJ515536,,64511__65665,372,5.467194939,42970.0442,0.137096774,49.73365591,0.392473118,0.247311828,0.182795699
Antirrhinum_hispanicum|SLF-S1E|AJ515535|37821__38975,Antirrhinum,hispanicum,yes,Plantaginaceae,SLF-S1E,AJ515535,,37821__38975,372,5.473731422,42927.9645,0.137096774,51.33043011,0.389784946,0.25,0.185483871
Antirrhinum_hispanicum|SLF-S5|AJ515536|36179__37309,Antirrhinum,hispanicum,yes,Plantaginaceae,SLF-S5,AJ515536,,36179__37309,365,5.260642052,42490.4083,0.134246575,48.92309589,0.378082192,0.230136986,0.21369863
Antirrhinum_hispanicum|SLF-S2|KT369121|86472__87602,Antirrhinum,hispanicum,yes,Plantaginaceae,SLF-S2,KT369121,,86472__87602,365,5.10439167,42463.2968,0.134246575,49.17049315,0.378082192,0.230136986,0.210958904
Antirrhinum_hispanicum|SLF-S1|AJ515535|62272__63402,Antirrhinum,hispanicum,yes,Plantaginaceae,SLF-S1,AJ515535,,62272__63402,365,5.185330391,42462.3288,0.134246575,49.56693151,0.378082192,0.22739726,0.216438356
Antirrhinum_hispanicum|SLF-S4|AJ515534|44134__45264,Antirrhinum,hispanicum,yes,Plantaginaceae,SLF-S4,AJ515534,,44134__45264,365,5.108825111,42485.2793,0.134246575,48.15761644,0.378082192,0.224657534,0.216438356
Citrus_maxima|Chr8|1089570__1090667,Citrus,maxima,no,Outgroup,,,Chr8,1089570__1090667,348,7.614628792,40221.798,0.140804598,41.13508621,0.376436782,0.255747126,0.195402299
Citrus_maxima|Chr2|26410938__26412131,Citrus,maxima,no,Outgroup,,,Chr2,26410938__26412131,352,9.118617821,40338.3694,0.113636364,34.52670455,0.366477273,0.241477273,0.207386364
Coffea_eugenioides|NC_040040.1|50131556__50132770,Coffea,eugenioides,no,Outgroup,,NC_040040.1,,50131556__50132770,383,5.297701073,43988.7156,0.114882507,51.14856397,0.360313316,0.248041775,0.227154047
Coffea_eugenioides|NC_040040.1|13969427__13970626,Coffea,eugenioides,no,Outgroup,,NC_040040.1,,13969427__13970626,378,5.337886238,42994.8982,0.100529101,51.71428571,0.35978836,0.240740741,0.232804233
Arabidopsis_thaliana|Chr5|NC_003076.8|20131448__20132527,Arabidopsis,thaliana,no,Outgroup,,NC_003076.8,Chr5,20131448__20132527,350,8.923407555,40087.0464,0.117142857,41.7046,0.38,0.245714286,0.208571429
Citrus_maxima|Chr8|11603628__11604800,Citrus,maxima,no,Outgroup,,,Chr8,11603628__11604800,379,6.494161797,42826.8571,0.094986807,30.11187335,0.34828496,0.245382586,0.248021108
Arabidopsis_thaliana|Chr3|NC_003074.8|2510871__2512124,Arabidopsis,thaliana,no,Outgroup,,NC_003074.8,Chr3,2510871__2512124,383,9.282883263,44047.2336,0.114882507,39.42767624,0.347258486,0.25848564,0.219321149
Coffea_eugenioides|NC_040045.1|13243735__13245054,Coffea,eugenioides,no,Outgroup,,NC_040045.1,,13243735__13245054,386,8.864096642,45426.5634,0.14507772,38.60492228,0.39119171,0.251295337,0.17357513
Coffea_eugenioides|NC_040045.1|13239284__13240540,Coffea,eugenioides,no,Outgroup,,NC_040045.1,,13239284__13240540,387,9.132671928,45466.636,0.134366925,42.28710594,0.392764858,0.224806202,0.198966408
Citrus_maxima|Chr2|26405869__26407005,Citrus,maxima,no,Outgroup,,,Chr2,26405869__26407005,367,8.352346611,42533.3747,0.108991826,39.46675749,0.354223433,0.234332425,0.223433243
Citrus_maxima|Chr2|26395555__26396787,Citrus,maxima,no,Outgroup,,,Chr2,26395555__26396787,377,9.433159065,43695.1402,0.124668435,37.80106101,0.363395225,0.233421751,0.190981432
Citrus_maxima|Chr9|24786410__24787732,Citrus,maxima,no,Outgroup,,,Chr9,24786410__24787732,393,5.368181419,45869.9623,0.147582697,51.24529262,0.361323155,0.216284987,0.183206107
Citrus_maxima|Chr4|17140862__17142202,Citrus,maxima,no,Outgroup,,,Chr4,17140862__17142202,387,7.628668022,44636.817,0.131782946,38.81217054,0.364341085,0.204134367,0.201550388
Citrus_maxima|Chr8|2426153__2427334,Citrus,maxima,no,Outgroup,,,Chr8,2426153__2427334,357,6.177625465,40535.0511,0.114845938,42.74288515,0.347338936,0.229691877,0.238095238
Arabidopsis_thaliana|Chr4|NC_003075.7|5855161__5856327,Arabidopsis,thaliana,no,Outgroup,,NC_003075.7,Chr4,5855161__5856327,362,9.537726784,41591.8406,0.116022099,35.97292818,0.375690608,0.232044199,0.190607735
Arabidopsis_thaliana|Chr5|NC_003076.8|6002770__6003909,Arabidopsis,thaliana,no,Outgroup,,NC_003076.8,Chr5,6002770__6003909,346,8.708534431,40091.5713,0.12716763,46.90291908,0.369942197,0.242774566,0.170520231
Arabidopsis_thaliana|Chr4|NC_003075.7|11322411__11323664,Arabidopsis,thaliana,no,Outgroup,,NC_003075.7,Chr4,11322411__11323664,374,6.280390358,43381.2657,0.13368984,44.04681818,0.352941176,0.245989305,0.181818182
Arabidopsis_thaliana|Chr1|NC_003070.9|17563931__17565106,Arabidopsis,thaliana,no,Outgroup,,NC_003070.9,Chr1,17563931__17565106,367,9.041707039,43077.8717,0.138964578,46.68395095,0.343324251,0.237057221,0.188010899
Arabidopsis_thaliana|Chr1|NC_003070.9|18855147__18856337,Arabidopsis,thaliana,no,Outgroup,,NC_003070.9,Chr1,18855147__18856337,366,9.404341698,42753.9284,0.142076503,38.385,0.355191257,0.229508197,0.193989071
Arabidopsis_thaliana|Chr3|NC_003074.8|3166653__3167867,Arabidopsis,thaliana,no,Outgroup,,NC_003074.8,Chr3,3166653__3167867,362,8.089573479,42233.0207,0.124309392,50.34698895,0.356353591,0.226519337,0.209944751
Arabidopsis_thaliana|Chr1|NC_003070.9|17600004__17601173,Arabidopsis,thaliana,no,Outgroup,,NC_003070.9,Chr1,17600004__17601173,365,9.437800789,42717.9729,0.128767123,36.28876712,0.361643836,0.208219178,0.18630137
Arabidopsis_thaliana|Chr1|NC_003070.9|19558028__19559299,Arabidopsis,thaliana,no,Outgroup,,NC_003070.9,Chr1,19558028__19559299,369,9.255613136,43376.7049,0.132791328,56.50899729,0.33604336,0.230352304,0.178861789
Arabidopsis_thaliana|Chr2|NC_003071.7|9347947__9349161,Arabidopsis,thaliana,no,Outgroup,,NC_003071.7,Chr2,9347947__9349161,372,8.788346291,42501.8132,0.10483871,44.12688172,0.341397849,0.241935484,0.198924731
Arabidopsis_thaliana|Chr4|NC_003075.7|18132583__18133863,Arabidopsis,thaliana,no,Outgroup,,NC_003075.7,Chr4,18132583__18133863,374,9.465715599,42286.7139,0.098930481,44.03639037,0.342245989,0.259358289,0.221925134
Arabidopsis_thaliana|Chr1|NC_003070.9|10932713__10933912,Arabidopsis,thaliana,no,Outgroup,,NC_003070.9,Chr1,10932713__10933912,388,8.704924202,44235.307,0.113402062,49.01373711,0.347938144,0.265463918,0.159793814
Arabidopsis_thaliana|Chr3|NC_003074.8|18337305__18338507,Arabidopsis,thaliana,no,Outgroup,,NC_003074.8,Chr3,18337305__18338507,365,8.793181419,41903.2407,0.120547945,40.36608219,0.361643836,0.252054795,0.202739726
Arabidopsis_thaliana|Chr2|NC_003071.7|13407492__13408655,Arabidopsis,thaliana,no,Outgroup,,NC_003071.7,Chr2,13407492__13408655,363,9.299773979,41955.4073,0.129476584,43.72016529,0.366391185,0.236914601,0.20661157
Arabidopsis_thaliana|Chr5|NC_003076.8|26346317__26347495,Arabidopsis,thaliana,no,Outgroup,,NC_003076.8,Chr5,26346317__26347495,354,8.701056099,40809.2652,0.115819209,42.7519774,0.375706215,0.217514124,0.220338983
Arabidopsis_thaliana|Chr3|NC_003074.8|8657736__8658944,Arabidopsis,thaliana,no,Outgroup,,NC_003074.8,Chr3,8657736__8658944,372,9.167420387,42857.3742,0.123655914,30.75674731,0.36827957,0.244623656,0.22311828
Arabidopsis_thaliana|Chr1|NC_003070.9|20079694__20080839,Arabidopsis,thaliana,no,Outgroup,,NC_003070.9,Chr1,20079694__20080839,363,8.433963585,41927.4268,0.115702479,40.62812672,0.363636364,0.220385675,0.203856749
Arabidopsis_thaliana|Chr1|NC_003070.9|20551452__20552633,Arabidopsis,thaliana,no,Outgroup,,NC_003070.9,Chr1,20551452__20552633,359,9.160328865,41546.5554,0.128133705,34.38693593,0.364902507,0.236768802,0.178272981
Arabidopsis_thaliana|Chr1|NC_003070.9|19983411__19984637,Arabidopsis,thaliana,no,Outgroup,,NC_003070.9,Chr1,19983411__19984637,374,8.62324276,43462.6253,0.128342246,45.87088235,0.371657754,0.232620321,0.221925134
Arabidopsis_thaliana|Chr5|NC_003076.8|16971312__16972499,Arabidopsis,thaliana,no,Outgroup,,NC_003076.8,Chr5,16971312__16972499,359,8.826769447,41605.96,0.144846797,36.63877437,0.395543175,0.203342618,0.208913649
Arabidopsis_thaliana|Chr1|NC_003070.9|11004242__11005444,Arabidopsis,thaliana,no,Outgroup,,NC_003070.9,Chr1,11004242__11005444,370,8.835601616,42472.7164,0.124324324,31.42137838,0.394594595,0.221621622,0.202702703
Arabidopsis_thaliana|Chr3|NC_003074.8|21330182__21331396,Arabidopsis,thaliana,no,Outgroup,,NC_003074.8,Chr3,21330182__21331396,366,5.233075142,41990.2305,0.133879781,47.91590164,0.355191257,0.240437158,0.234972678
Arabidopsis_thaliana|Chr1|NC_003070.9|17354123__17355529,Arabidopsis,thaliana,no,Outgroup,,NC_003070.9,Chr1,17354123__17355529,370,6.676558113,43055.8654,0.159459459,51.94197297,0.359459459,0.218918919,0.210810811
Arabidopsis_thaliana|Chr2|NC_003071.7|7030155__7031378,Arabidopsis,thaliana,no,Outgroup,,NC_003071.7,Chr2,7030155__7031378,367,6.283004951,42632.9678,0.158038147,28.79784741,0.370572207,0.220708447,0.196185286
Arabidopsis_thaliana|Chr1|NC_003070.9|6614162__6615214,Arabidopsis,thaliana,no,Outgroup,,NC_003070.9,Chr1,6614162__6615214,349,6.107145119,40269.9754,0.143266476,40.36074499,0.381088825,0.203438395,0.226361032
Arabidopsis_thaliana|Chr5|NC_003076.8|21346423__21347478,Arabidopsis,thaliana,no,Outgroup,,NC_003076.8,Chr5,21346423__21347478,351,8.815294075,40326.4273,0.136752137,51.82940171,0.39031339,0.216524217,0.233618234
Arabidopsis_thaliana|Chr5|NC_003076.8|5095652__5096821,Arabidopsis,thaliana,no,Outgroup,,NC_003076.8,Chr5,5095652__5096821,362,9.358053398,41933.7406,0.138121547,37.65834254,0.356353591,0.243093923,0.174033149
Arabidopsis_thaliana|Chr1|NC_003070.9|26759798__26761042,Arabidopsis,thaliana,no,Outgroup,,NC_003070.9,Chr1,26759798__26761042,394,6.899821663,45810.9384,0.121827411,47.21370558,0.342639594,0.200507614,0.21319797
Arabidopsis_thaliana|Chr1|NC_003070.9|26526212__26527345,Arabidopsis,thaliana,no,Outgroup,,NC_003070.9,Chr1,26526212__26527345,369,8.896395302,42996.0968,0.138211382,36.10813008,0.357723577,0.214092141,0.200542005
Arabidopsis_thaliana|Chr1|NC_003070.9|26756253__26757362,Arabidopsis,thaliana,no,Outgroup,,NC_003070.9,Chr1,26756253__26757362,361,6.875892448,42500.1919,0.141274238,36.14296399,0.351800554,0.207756233,0.20498615
Arabidopsis_thaliana|Chr3|NC_003074.8|19403020__19404387,Arabidopsis,thaliana,no,Outgroup,,NC_003074.8,Chr3,19403020__19404387,364,9.50916729,42270.1454,0.10989011,39.99340659,0.332417582,0.230769231,0.211538462
Arabidopsis_thaliana|Chr4|NC_003075.7|10806195__10807430,Arabidopsis,thaliana,no,Outgroup,,NC_003075.7,Chr4,10806195__10807430,377,6.238897896,43096.56,0.084880637,55.50636605,0.376657825,0.23872679,0.24137931
Arabidopsis_thaliana|Chr4|NC_003075.7|10803558__10804853,Arabidopsis,thaliana,no,Outgroup,,NC_003075.7,Chr4,10803558__10804853,389,8.621953392,45098.8874,0.100257069,52.90951157,0.370179949,0.22622108,0.221079692
Arabidopsis_thaliana|Chr5|NC_003076.8|25095373__25096635,Arabidopsis,thaliana,no,Outgroup,,NC_003076.8,Chr5,25095373__25096635,375,6.15938015,42639.7712,0.104,50.37632,0.384,0.229333333,0.210666667
Arabidopsis_thaliana|Chr5|NC_003076.8|25156326__25157465,Arabidopsis,thaliana,no,Outgroup,,NC_003076.8,Chr5,25156326__25157465,339,9.052086449,38608.8133,0.10619469,55.49321534,0.380530973,0.233038348,0.238938053
Arabidopsis_thaliana|Chr2|NC_003071.7|17074905__17076116,Arabidopsis,thaliana,no,Outgroup,,NC_003071.7,Chr2,17074905__17076116,375,8.670949364,42948.7963,0.112,45.96776,0.376,0.2,0.221333333
Arabidopsis_thaliana|Chr2|NC_003071.7|17072586__17073719,Arabidopsis,thaliana,no,Outgroup,,NC_003071.7,Chr2,17072586__17073719,383,8.072231483,43817.9575,0.101827676,46.86872063,0.349869452,0.224543081,0.216710183
Arabidopsis_thaliana|Chr2|NC_003071.7|17069938__17071065,Arabidopsis,thaliana,no,Outgroup,,NC_003071.7,Chr2,17069938__17071065,370,8.335069084,42047.6174,0.097297297,32.13891892,0.359459459,0.191891892,0.221621622
Spinacia_oleracea|LZYP01002102.1|4369__5517,Spinacia,oleracea,no,Outgroup,,LZYP01002102.1,,4369__5517,344,6.588173485,40154.6757,0.136627907,34.98895349,0.389534884,0.215116279,0.215116279
Spinacia_oleracea|LZYP01000509.1|53908__54984,Spinacia,oleracea,no,Outgroup,,LZYP01000509.1,,53908__54984,348,6.329158211,39753.2375,0.120689655,31.69482759,0.364942529,0.252873563,0.206896552
Spinacia_oleracea|LZYP01000586.1|63225__64271,Spinacia,oleracea,no,Outgroup,,LZYP01000586.1,,63225__64271,346,6.066732597,39177.6339,0.10982659,38.63150289,0.37283237,0.251445087,0.196531792
Schlumbergera_truncata|FB_02,Schlumbergera,truncata,no,Outgroup,FB_02,,,,346,6.098676109,40171.9546,0.13583815,41.29942197,0.36416185,0.213872832,0.231213873
Spinacia_oleracea|LZYP01000034.1|381227__382477,Spinacia,oleracea,no,Outgroup,,LZYP01000034.1,,381227__382477,344,6.095493126,39984.7624,0.151162791,42.04162791,0.395348837,0.212209302,0.203488372
Spinacia_oleracea|LZYP01000034.1|387578__388699,Spinacia,oleracea,no,Outgroup,,LZYP01000034.1,,387578__388699,339,6.228382683,39461.9179,0.156342183,46.87020649,0.374631268,0.227138643,0.18879056
Spinacia_oleracea|LZYP01000034.1|395665__396858,Spinacia,oleracea,no,Outgroup,,LZYP01000034.1,,395665__396858,346,8.477544212,40934.8839,0.153179191,51.96647399,0.384393064,0.202312139,0.225433526
Spinacia_oleracea|LZYP01001709.1|49306__50520,Spinacia,oleracea,no,Outgroup,,LZYP01001709.1,,49306__50520,379,5.766565895,43832.0476,0.113456464,37.23852243,0.385224274,0.240105541,0.226912929
Spinacia_oleracea|LZYP01001709.1|62233__63432,Spinacia,oleracea,no,Outgroup,,LZYP01001709.1,,62233__63432,379,8.23991375,43355.3713,0.100263852,39.68155673,0.35883905,0.255936675,0.218997361
Spinacia_oleracea|LZYP01001709.1|71016__72224,Spinacia,oleracea,no,Outgroup,,LZYP01001709.1,,71016__72224,378,6.249640465,43885.5924,0.121693122,37.9476455,0.362433862,0.21957672,0.208994709
Spinacia_oleracea|LZYP01001709.1|11963__13183,Spinacia,oleracea,no,Outgroup,,LZYP01001709.1,,11963__13183,352,5.215682411,40139.8002,0.116477273,37.73724432,0.397727273,0.238636364,0.264204545
Spinacia_oleracea|LZYP01006265.1|1149__2276,Spinacia,oleracea,no,Outgroup,,LZYP01006265.1,,1149__2276,354,6.276866341,40147.1244,0.110169492,33.15031073,0.38700565,0.251412429,0.257062147
Spinacia_oleracea|LZYP01002189.1|21261__22493,Spinacia,oleracea,no,Outgroup,,LZYP01002189.1,,21261__22493,370,9.037000847,42494.7839,0.105405405,40.66732432,0.381081081,0.254054054,0.224324324
Spinacia_oleracea|LZYP01000373.1|10085__11224,Spinacia,oleracea,no,Outgroup,,LZYP01000373.1,,10085__11224,357,6.581580162,40939.9026,0.114845938,31.92296919,0.369747899,0.260504202,0.212885154
Spinacia_oleracea|LZYP01000831.1|78754__79959,Spinacia,oleracea,no,Outgroup,,LZYP01000831.1,,78754__79959,381,6.398331261,43587.2694,0.107611549,42.87375328,0.356955381,0.265091864,0.186351706
Spinacia_oleracea|LZYP01001709.1|140606__141712,Spinacia,oleracea,no,Outgroup,,LZYP01001709.1,,140606__141712,363,6.021090889,41734.502,0.115702479,38.43168044,0.369146006,0.256198347,0.239669421
Spinacia_oleracea|LZYP01001231.1|92124__93197,Spinacia,oleracea,no,Outgroup,,LZYP01001231.1,,92124__93197,346,8.84101696,39512.6368,0.132947977,40.35693642,0.387283237,0.260115607,0.219653179
Spinacia_oleracea|LZYP01000779.1|570529__571779,Spinacia,oleracea,no,Outgroup,,LZYP01000779.1,,570529__571779,359,5.121613884,41129.4533,0.13091922,34.61339833,0.384401114,0.253481894,0.192200557
Spinacia_oleracea|LZYP01000035.1|689302__690372,Spinacia,oleracea,no,Outgroup,,LZYP01000035.1,,689302__690372,338,6.198769569,39487.8931,0.136094675,49.18076923,0.378698225,0.230769231,0.189349112
Schlumbergera_truncata|FB_04,Schlumbergera,truncata,no,Outgroup,FB_04,,,,378,8.52389698,43756.8338,0.134920635,48.22989418,0.349206349,0.243386243,0.201058201
Stenocereus_thurberi|NCQT01112047.1|30114__31307,Stenocereus,thurberi,no,Outgroup,,NCQT01112047.1,,30114__31307,343,7.572113228,38661.2689,0.142857143,40.42011662,0.381924198,0.271137026,0.195335277
Schlumbergera_truncata|FB_03,Schlumbergera,truncata,no,Outgroup,FB_03,,,,312,8.291939735,35702.0676,0.166666667,41.35576923,0.397435897,0.262820513,0.189102564
Spinacia_oleracea|LZYP01000841.1|345127__346218,Spinacia,oleracea,no,Outgroup,,LZYP01000841.1,,345127__346218,327,8.922891808,37854.2419,0.137614679,39.85385321,0.400611621,0.266055046,0.174311927
Spinacia_oleracea|LZYP01000779.1|82080__83228,Spinacia,oleracea,no,Outgroup,,LZYP01000779.1,,82080__83228,379,9.068590355,43424.1013,0.105540897,37.7883905,0.377308707,0.237467018,0.203166227
Spinacia_oleracea|LZYP01000311.1|198767__199960,Spinacia,oleracea,no,Outgroup,,LZYP01000311.1,,198767__199960,368,8.45730114,42029.0981,0.108695652,45.03532609,0.361413043,0.255434783,0.201086957
Stenocereus_thurberi|NCQT01105790.1|1822__3015,Stenocereus,thurberi,no,Outgroup,,NCQT01105790.1,,1822__3015,363,6.498140526,41752.8885,0.107438017,40.5322314,0.374655647,0.239669421,0.242424242
Spinacia_oleracea|LZYP01000027.1|881535__882683,Spinacia,oleracea,no,Outgroup,,LZYP01000027.1,,881535__882683,360,7.097735023,41084.8342,0.105555556,44.60583333,0.369444444,0.272222222,0.2
Spinacia_oleracea|LZYP01000779.1|133301__134422,Spinacia,oleracea,no,Outgroup,,LZYP01000779.1,,133301__134422,370,6.851963234,43086.2881,0.145945946,41.72921622,0.402702703,0.243243243,0.213513514
Stenocereus_thurberi|NCQT01065004.1|1584__2747,Stenocereus,thurberi,no,Outgroup,,NCQT01065004.1,,1584__2747,338,8.658958244,38253.7215,0.094674556,40.75207101,0.352071006,0.263313609,0.224852071
Stenocereus_thurberi|NCQT01120863.1|10653__11846,Stenocereus,thurberi,no,Outgroup,,NCQT01120863.1,,10653__11846,379,6.555206871,42995.5559,0.116094987,43.5171504,0.345646438,0.263852243,0.187335092
Stenocereus_thurberi|NCQT01061416.1|114__1244,Stenocereus,thurberi,no,Outgroup,,NCQT01061416.1,,114__1244,362,8.978914833,41726.5753,0.129834254,46.92569061,0.364640884,0.267955801,0.198895028
Coffea_eugenioides|NC_040043.1|2876854__2878071,Coffea,eugenioides,no,Outgroup,,NC_040043.1,,2876854__2878071,348,8.338872719,40110.7457,0.112068966,53.88537356,0.370689655,0.238505747,0.224137931
Coffea_eugenioides|NC_040043.1|2871232__2872344,Coffea,eugenioides,no,Outgroup,,NC_040043.1,,2871232__2872344,344,8.8537817,39663.2108,0.127906977,41.45642442,0.377906977,0.218023256,0.220930233
Prunus_avium|NW_018922915.1|48651__49835,Prunus,avium,no,Outgroup,,NW_018922915.1,,48651__49835,352,7.098132896,40189.341,0.090909091,34.23636364,0.380681818,0.204545455,0.255681818
Malus_domestica|XM_008385918.3,Malus,domestica,no,Outgroup,,XM_008385918.3,,,352,8.334746742,40421.4788,0.085227273,43.95255682,0.357954545,0.204545455,0.241477273
Malus_domestica|XM_008372775.3,Malus,domestica,no,Outgroup,,XM_008372775.3,,,352,7.119220161,40274.3061,0.09375,36.725,0.372159091,0.213068182,0.235795455
Solanum_chilense|RXGB01005261.1|5766__6947,Solanum,chilense,no,Outgroup,,RXGB01005261.1,,5766__6947,373,8.472966957,42166.6804,0.085790885,36.33458445,0.348525469,0.243967828,0.27077748
Prunus_avium|NW_018931006.1|499__1575,Prunus,avium,no,Outgroup,,NW_018931006.1,,499__1575,353,8.482121468,40436.4612,0.11898017,56.43005666,0.359773371,0.240793201,0.223796034
Prunus_avium|NW_018921447.1|36084__37295,Prunus,avium,no,Outgroup,,NW_018921447.1,,36084__37295,361,6.132438469,41258.3137,0.121883657,44.51110803,0.376731302,0.235457064,0.224376731
Prunus_avium|NW_018921876.1|17773__18981,Prunus,avium,no,Outgroup,,NW_018921876.1,,17773__18981,358,5.421837425,41324.284,0.120111732,43.83519553,0.38547486,0.231843575,0.245810056
Malus_domestica|XM_008346311.3,Malus,domestica,no,Outgroup,,XM_008346311.3,,,364,8.147014809,41364.4839,0.115384615,45.67365385,0.337912088,0.258241758,0.206043956
Malus_domestica|XM_008365033.3,Malus,domestica,no,Outgroup,,XM_008365033.3,,,366,6.437607002,41853.489,0.12295082,47.97844262,0.336065574,0.259562842,0.202185792
Citrus_maxima|Chr6|21098741__21099877,Citrus,maxima,no,Outgroup,,,Chr6,21098741__21099877,355,8.104207802,40239.8765,0.112676056,37.0755493,0.374647887,0.273239437,0.205633803
Citrus_maxima|Chr6|21107237__21108337,Citrus,maxima,no,Outgroup,,,Chr6,21107237__21108337,354,6.592436409,40727.5478,0.115819209,46.21446328,0.389830508,0.220338983,0.220338983
Citrus_maxima|Chr7|14963347__14964498,Citrus,maxima,no,Outgroup,,,Chr7,14963347__14964498,364,5.717854881,41787.207,0.120879121,34.45082418,0.373626374,0.230769231,0.195054945
Citrus_maxima|Chr7|14991555__14992718,Citrus,maxima,no,Outgroup,,,Chr7,14991555__14992718,365,6.140509605,41812.3519,0.120547945,36.69945205,0.37260274,0.246575342,0.191780822
Citrus_maxima|Chr8|13173938__13175038,Citrus,maxima,no,Outgroup,,,Chr8,13173938__13175038,352,7.219370461,40945.4682,0.144886364,38.75855114,0.355113636,0.213068182,0.201704545
Citrus_maxima|Chr8|13283497__13284606,Citrus,maxima,no,Outgroup,,,Chr8,13283497__13284606,356,6.439937401,40744.2164,0.123595506,48.01323034,0.362359551,0.255617978,0.221910112
Citrus_maxima|Chr8|13308694__13309806,Citrus,maxima,no,Outgroup,,,Chr8,13308694__13309806,357,7.62935009,40799.3434,0.114845938,38.47619048,0.361344538,0.257703081,0.221288515
Citrus_maxima|Chr8|13286635__13287747,Citrus,maxima,no,Outgroup,,,Chr8,13286635__13287747,357,7.605420876,40477.1062,0.112044818,38.38655462,0.361344538,0.271708683,0.215686275
Coffea_eugenioides|NC_040045.1|116529__117662,Coffea,eugenioides,no,Outgroup,,NC_040045.1,,116529__117662,369,8.780094337,42386.1266,0.113821138,52.94853659,0.341463415,0.243902439,0.241192412
Coffea_eugenioides|NC_040036.1|75085165__75086298,Coffea,eugenioides,no,Outgroup,,NC_040036.1,,75085165__75086298,369,8.700411415,42495.6216,0.108401084,43.15693767,0.35501355,0.238482385,0.246612466
Coffea_eugenioides|NC_040040.1|9213991__9215160,Coffea,eugenioides,no,Outgroup,,NC_040040.1,,9213991__9215160,356,8.046959877,40591.1565,0.129213483,38.10140449,0.379213483,0.25,0.191011236
Coffea_eugenioides|NC_040041.1|38058964__38060145,Coffea,eugenioides,no,Outgroup,,NC_040041.1,,38058964__38060145,354,7.6163908,41592.5057,0.124293785,44.96556497,0.36440678,0.189265537,0.234463277
Coffea_eugenioides|NC_040039.1|10820728__10821885,Coffea,eugenioides,no,Outgroup,,NC_040039.1,,10820728__10821885,369,9.112106514,42369.0065,0.124661247,46.18677507,0.333333333,0.25203252,0.224932249
Spinacia_oleracea|LZYP01000004.1|2229763__2230776,Spinacia,oleracea,no,Outgroup,,LZYP01000004.1,,2229763__2230776,349,6.656778145,39607.0903,0.11747851,39.42922636,0.361031519,0.240687679,0.197707736
Spinacia_oleracea|LZYP01000703.1|2826__4352,Spinacia,oleracea,no,Outgroup,,LZYP01000703.1,,2826__4352,346,7.889785957,39545.1103,0.11849711,38.65320809,0.355491329,0.23699422,0.199421965
Spinacia_oleracea|LZYP01000004.1|2232589__2233848,Spinacia,oleracea,no,Outgroup,,LZYP01000004.1,,2232589__2233848,365,9.120422935,41973.4175,0.123287671,33.01534247,0.394520548,0.205479452,0.205479452
Stenocereus_thurberi|NCQT01101783.1|1053__2276,Stenocereus,thurberi,no,Outgroup,,NCQT01101783.1,,1053__2276,355,9.061498833,41154.1592,0.126760563,33.75611268,0.38028169,0.205633803,0.242253521
Spinacia_oleracea|LZYP01001595.1|23176__24270,Spinacia,oleracea,no,Outgroup,,LZYP01001595.1,,23176__24270,351,7.152698326,40272.217,0.113960114,36.60088319,0.396011396,0.216524217,0.230769231
Citrus_maxima|Chr2|52086089__52087282,Citrus,maxima,no,Outgroup,,,Chr2,52086089__52087282,368,7.966632271,42518.9518,0.125,32.00902174,0.394021739,0.217391304,0.222826087
Arabidopsis_thaliana|Chr4|NC_003075.7|7441815__7443041,Arabidopsis,thaliana,no,Outgroup,,NC_003075.7,Chr4,7441815__7443041,367,7.707731056,41859.9169,0.108991826,40.13986376,0.378746594,0.245231608,0.223433243
Arabidopsis_thaliana|Chr4|NC_003075.7|11813890__11815074,Arabidopsis,thaliana,no,Outgroup,,NC_003075.7,Chr4,11813890__11815074,363,5.9676054,41703.9288,0.107438017,48.80581267,0.385674931,0.220385675,0.228650138
Coffea_eugenioides|NC_040036.1|15473312__15474490,Coffea,eugenioides,no,Outgroup,,NC_040036.1,,15473312__15474490,372,7.669478416,42162.0725,0.112903226,43.12744624,0.35483871,0.258064516,0.225806452
Coffea_eugenioides|NC_040037.1|7929953__7931356,Coffea,eugenioides,no,Outgroup,,NC_040037.1,,7929953__7931356,371,8.309346199,42768.9981,0.113207547,33.61188679,0.366576819,0.204851752,0.210242588
Citrus_maxima|Chr2|52075408__52076577,Citrus,maxima,no,Outgroup,,,Chr2,52075408__52076577,368,8.241460991,42699.9328,0.122282609,38.83342391,0.355978261,0.201086957,0.217391304
Arabidopsis_thaliana|Chr4|NC_003075.7|9880259__9881455,Arabidopsis,thaliana,no,Outgroup,,NC_003075.7,Chr4,9880259__9881455,388,8.786863518,44781.2203,0.115979381,52.25079897,0.350515464,0.229381443,0.231958763
Arabidopsis_thaliana|Chr1|NC_003070.9|12159884__12161131,Arabidopsis,thaliana,no,Outgroup,,NC_003070.9,Chr1,12159884__12161131,319,8.595908165,36281.4341,0.097178683,36.23197492,0.363636364,0.250783699,0.21630094
Arabidopsis_thaliana|Chr1|NC_003070.9|3125978__3127126,Arabidopsis,thaliana,no,Outgroup,,NC_003070.9,Chr1,3125978__3127126,369,5.740647316,42013.7153,0.113821138,52.55425474,0.338753388,0.219512195,0.216802168
Arabidopsis_thaliana|Chr5|NC_003076.8|3253900__3255045,Arabidopsis,thaliana,no,Outgroup,,NC_003076.8,Chr5,3253900__3255045,376,5.451507378,42960.3964,0.127659574,41.49792553,0.356382979,0.218085106,0.20212766
Arabidopsis_thaliana|Chr2|NC_003071.7|14470335__14471510,Arabidopsis,thaliana,no,Outgroup,,NC_003071.7,Chr2,14470335__14471510,387,5.562513924,44954.397,0.124031008,42.13,0.351421189,0.219638243,0.204134367
Arabidopsis_thaliana|Chr1|NC_003070.9|4387872__4389110,Arabidopsis,thaliana,no,Outgroup,,NC_003070.9,Chr1,4387872__4389110,380,8.360791969,44428.7861,0.128947368,45.05736842,0.363157895,0.205263158,0.210526316
Arabidopsis_thaliana|Chr1|NC_003070.9|4382223__4383611,Arabidopsis,thaliana,no,Outgroup,,NC_003070.9,Chr1,4382223__4383611,391,8.216511726,45097.198,0.112531969,50.45498721,0.337595908,0.227621483,0.202046036
Arabidopsis_thaliana|Chr1|NC_003070.9|3730630__3731640,Arabidopsis,thaliana,no,Outgroup,,NC_003070.9,Chr1,3730630__3731640,391,8.812908745,45487.9223,0.120204604,56.55324808,0.340153453,0.217391304,0.235294118
Arabidopsis_thaliana|Chr1|NC_003070.9|4507221__4508528,Arabidopsis,thaliana,no,Outgroup,,NC_003070.9,Chr1,4507221__4508528,393,8.934496117,45755.2349,0.127226463,49.55982188,0.348600509,0.213740458,0.201017812
Malus_domestica|XM_008390141.3,Malus,domestica,no,Outgroup,,XM_008390141.3,,,358,8.042318153,40936.7118,0.100558659,37.30251397,0.349162011,0.226256983,0.203910615
Prunus_avium|NW_018922470.1|165126__166544,Prunus,avium,no,Outgroup,,NW_018922470.1,,165126__166544,358,7.158552742,41184.9198,0.106145251,41.65446927,0.349162011,0.217877095,0.203910615
Arabidopsis_thaliana|Chr3|NC_003074.8|5494533__5495615,Arabidopsis,thaliana,no,Outgroup,,NC_003074.8,Chr3,5494533__5495615,351,6.118001366,41264.8712,0.136752137,38.88381766,0.356125356,0.196581197,0.202279202
Arabidopsis_thaliana|Chr1|NC_003070.9|3910833__3911924,Arabidopsis,thaliana,no,Outgroup,,NC_003070.9,Chr1,3910833__3911924,353,8.896201897,40458.2409,0.127478754,50.53487252,0.368271955,0.263456091,0.218130312
Arabidopsis_thaliana|Chr3|NC_003074.8|7536719__7537951,Arabidopsis,thaliana,no,Outgroup,,NC_003074.8,Chr3,7536719__7537951,364,8.877763939,41996.4386,0.126373626,39.15192308,0.398351648,0.233516484,0.206043956
Arabidopsis_thaliana|Chr3|NC_003074.8|8014809__8015960,Arabidopsis,thaliana,no,Outgroup,,NC_003074.8,Chr3,8014809__8015960,373,4.786548042,43500.0732,0.117962466,47.78235925,0.351206434,0.198391421,0.184986595
Arabidopsis_thaliana|Chr1|NC_003070.9|29181110__29182261,Arabidopsis,thaliana,no,Outgroup,,NC_003070.9,Chr1,29181110__29182261,376,7.16543026,44001.2221,0.135638298,36.5500266,0.375,0.204787234,0.20212766
Arabidopsis_thaliana|Chr3|NC_003074.8|3242750__3243862,Arabidopsis,thaliana,no,Outgroup,,NC_003074.8,Chr3,3242750__3243862,364,5.271839333,42537.0557,0.126373626,45.62774725,0.365384615,0.222527473,0.203296703
Arabidopsis_thaliana|Chr4|NC_003075.7|2373999__2375135,Arabidopsis,thaliana,no,Outgroup,,NC_003075.7,Chr4,2373999__2375135,366,5.220059013,42644.083,0.136612022,42.51120219,0.333333333,0.210382514,0.180327869
Arabidopsis_thaliana|Chr3|NC_003074.8|2656716__2657825,Arabidopsis,thaliana,no,Outgroup,,NC_003074.8,Chr3,2656716__2657825,357,4.97729969,41776.4994,0.134453782,48.21123249,0.37535014,0.193277311,0.18487395
Arabidopsis_thaliana|Chr3|NC_003074.8|6055597__6056703,Arabidopsis,thaliana,no,Outgroup,,NC_003074.8,Chr3,6055597__6056703,356,7.505441093,42079.3931,0.16011236,43.66910112,0.367977528,0.191011236,0.202247191
Arabidopsis_thaliana|Chr3|NC_003074.8|5649932__5651056,Arabidopsis,thaliana,no,Outgroup,,NC_003074.8,Chr3,5649932__5651056,367,8.722330666,43130.271,0.130790191,44.06433243,0.367847411,0.239782016,0.198910082
Arabidopsis_thaliana|Chr1|NC_003070.9|4128607__4129701,Arabidopsis,thaliana,no,Outgroup,,NC_003070.9,Chr1,4128607__4129701,358,8.76043148,42119.9571,0.139664804,40.36089385,0.365921788,0.248603352,0.175977654
Arabidopsis_thaliana|Chr1|NC_003070.9|4132967__4134094,Arabidopsis,thaliana,no,Outgroup,,NC_003070.9,Chr1,4132967__4134094,358,8.738383293,41607.1671,0.131284916,28.20312849,0.360335196,0.259776536,0.170391061
Arabidopsis_thaliana|Chr1|NC_003070.9|19012173__19013306,Arabidopsis,thaliana,no,Outgroup,,NC_003070.9,Chr1,19012173__19013306,359,8.902326393,42542.707,0.142061281,45.68997214,0.403899721,0.21448468,0.192200557
Arabidopsis_thaliana|Chr2|NC_003071.7|6298936__6300024,Arabidopsis,thaliana,no,Outgroup,,NC_003071.7,Chr2,6298936__6300024,342,8.602419472,39353.0827,0.119883041,44.06169591,0.385964912,0.257309942,0.169590643
Arabidopsis_thaliana|Chr3|NC_003074.8|5647577__5648725,Arabidopsis,thaliana,no,Outgroup,,NC_003074.8,Chr3,5647577__5648725,355,6.598120308,41179.7441,0.112676056,39.61464789,0.366197183,0.228169014,0.191549296
Arabidopsis_thaliana|Chr1|NC_003070.9|17379544__17380656,Arabidopsis,thaliana,no,Outgroup,,NC_003070.9,Chr1,17379544__17380656,352,8.219090462,40512.6115,0.116477273,33.23553977,0.380681818,0.252840909,0.210227273
Arabidopsis_thaliana|Chr2|NC_003071.7|11762061__11763104,Arabidopsis,thaliana,no,Outgroup,,NC_003071.7,Chr2,11762061__11763104,338,8.78957119,39426.0694,0.136094675,50.25798817,0.384615385,0.224852071,0.213017751
Arabidopsis_thaliana|Chr3|NC_003074.8|15878609__15879763,Arabidopsis,thaliana,no,Outgroup,,NC_003074.8,Chr3,15878609__15879763,368,7.149629021,42135.7123,0.116847826,46.18043478,0.347826087,0.247282609,0.198369565
Arabidopsis_thaliana|Chr2|NC_003071.7|2957561__2958715,Arabidopsis,thaliana,no,Outgroup,,NC_003071.7,Chr2,2957561__2958715,368,6.446644402,42135.6827,0.116847826,44.86168478,0.347826087,0.241847826,0.201086957
Arabidopsis_thaliana|Chr3|NC_003074.8|18530329__18531480,Arabidopsis,thaliana,no,Outgroup,,NC_003074.8,Chr3,18530329__18531480,366,5.680000114,43053.621,0.131147541,35.45737705,0.352459016,0.202185792,0.193989071
Arabidopsis_thaliana|Chr5|NC_003076.8|19198125__19199375,Arabidopsis,thaliana,no,Outgroup,,NC_003076.8,Chr5,19198125__19199375,359,5.252627754,41639.5712,0.139275766,38.03091922,0.364902507,0.236768802,0.211699164
Arabidopsis_thaliana|Chr3|NC_003074.8|7901899__7903041,Arabidopsis,thaliana,no,Outgroup,,NC_003074.8,Chr3,7901899__7903041,374,6.55696888,43798.571,0.139037433,53.86283422,0.360962567,0.227272727,0.20855615
Arabidopsis_thaliana|Chr3|NC_003074.8|8031341__8032459,Arabidopsis,thaliana,no,Outgroup,,NC_003074.8,Chr3,8031341__8032459,358,7.060732841,41335.2874,0.125698324,47.55921788,0.37150838,0.229050279,0.229050279
Arabidopsis_thaliana|Chr3|NC_003074.8|8024798__8025817,Arabidopsis,thaliana,no,Outgroup,,NC_003074.8,Chr3,8024798__8025817,335,8.685390282,39747.384,0.110447761,43.61313433,0.36119403,0.194029851,0.229850746
Arabidopsis_thaliana|Chr2|NC_003071.7|1726138__1727268,Arabidopsis,thaliana,no,Outgroup,,NC_003071.7,Chr2,1726138__1727268,358,8.670820427,42081.9106,0.142458101,48.90837989,0.363128492,0.245810056,0.203910615
Arabidopsis_thaliana|Chr3|NC_003074.8|6009413__6010558,Arabidopsis,thaliana,no,Outgroup,,NC_003074.8,Chr3,6009413__6010558,364,5.450711632,42537.9226,0.134615385,38.34620879,0.365384615,0.217032967,0.225274725
Arabidopsis_thaliana|Chr3|NC_003074.8|5903453__5904613,Arabidopsis,thaliana,no,Outgroup,,NC_003074.8,Chr3,5903453__5904613,371,5.577292061,42313.7638,0.102425876,33.50080863,0.339622642,0.210242588,0.20754717
Arabidopsis_thaliana|Chr3|NC_003074.8|6000848__6002026,Arabidopsis,thaliana,no,Outgroup,,NC_003074.8,Chr3,6000848__6002026,367,8.34718914,41821.4637,0.119891008,31.40441417,0.346049046,0.245231608,0.204359673
Arabidopsis_thaliana|Chr3|NC_003074.8|6002783__6003973,Arabidopsis,thaliana,no,Outgroup,,NC_003074.8,Chr3,6002783__6003973,366,6.156367683,42869.2013,0.139344262,42.00603825,0.357923497,0.213114754,0.204918033
Arabidopsis_thaliana|Chr3|NC_003074.8|5984827__5985993,Arabidopsis,thaliana,no,Outgroup,,NC_003074.8,Chr3,5984827__5985993,365,9.055051994,43437.3346,0.139726027,50.35372603,0.356164384,0.219178082,0.194520548
Arabidopsis_thaliana|Chr3|NC_003074.8|8313334__8314422,Arabidopsis,thaliana,no,Outgroup,,NC_003074.8,Chr3,8313334__8314422,356,8.514871407,41089.4751,0.123595506,46.66098315,0.370786517,0.233146067,0.207865169
Arabidopsis_thaliana|Chr3|NC_003074.8|7419973__7421160,Arabidopsis,thaliana,no,Outgroup,,NC_003074.8,Chr3,7419973__7421160,385,9.081097221,44255.9536,0.106493506,49.34415584,0.350649351,0.257142857,0.187012987
Arabidopsis_thaliana|Chr4|NC_003075.7|6350928__6352031,Arabidopsis,thaliana,no,Outgroup,,NC_003075.7,Chr4,6350928__6352031,359,6.435674477,41714.5649,0.114206128,37.95214485,0.378830084,0.208913649,0.200557103
Arabidopsis_thaliana|Chr3|NC_003074.8|7406326__7407429,Arabidopsis,thaliana,no,Outgroup,,NC_003074.8,Chr3,7406326__7407429,365,7.71597271,41847.3735,0.112328767,51.97561644,0.35890411,0.22739726,0.208219178
Arabidopsis_thaliana|Chr3|NC_003074.8|7408246__7409349,Arabidopsis,thaliana,no,Outgroup,,NC_003074.8,Chr3,7408246__7409349,358,7.708015251,40966.415,0.100558659,47.42960894,0.343575419,0.220670391,0.215083799
Arabidopsis_thaliana|Chr3|NC_003074.8|5986682__5987827,Arabidopsis,thaliana,no,Outgroup,,NC_003074.8,Chr3,5986682__5987827,359,7.207263756,42287.7749,0.122562674,50.59002786,0.364902507,0.208913649,0.203342618
Arabidopsis_thaliana|Chr3|NC_003074.8|5983196__5984320,Arabidopsis,thaliana,no,Outgroup,,NC_003074.8,Chr3,5983196__5984320,368,4.736813927,42751.7587,0.116847826,40.66605978,0.369565217,0.211956522,0.214673913
Arabidopsis_thaliana|Chr1|NC_003070.9|23004499__23005650,Arabidopsis,thaliana,no,Outgroup,,NC_003070.9,Chr1,23004499__23005650,372,4.841738701,43768.142,0.126344086,50.81451613,0.352150538,0.204301075,0.225806452
Arabidopsis_thaliana|Chr2|NC_003071.7|7754261__7755445,Arabidopsis,thaliana,no,Outgroup,,NC_003071.7,Chr2,7754261__7755445,384,6.201043129,44865.5745,0.140625,33.58958333,0.3671875,0.200520833,0.200520833
Arabidopsis_thaliana|Chr3|NC_003074.8|7237911__7238999,Arabidopsis,thaliana,no,Outgroup,,NC_003074.8,Chr3,7237911__7238999,357,8.834827995,41544.2731,0.140056022,38.8837535,0.361344538,0.246498599,0.221288515
Arabidopsis_thaliana|Chr3|NC_003074.8|7231570__7232682,Arabidopsis,thaliana,no,Outgroup,,NC_003074.8,Chr3,7231570__7232682,365,8.928178215,42526.6881,0.123287671,43.25287671,0.380821918,0.230136986,0.208219178
Arabidopsis_thaliana|Chr4|NC_003075.7|16049558__16050865,Arabidopsis,thaliana,no,Outgroup,,NC_003075.7,Chr4,16049558__16050865,382,5.532843971,44819.8328,0.130890052,49.42827225,0.369109948,0.217277487,0.212041885
Arabidopsis_thaliana|Chr3|NC_003074.8|7949116__7950402,Arabidopsis,thaliana,no,Outgroup,,NC_003074.8,Chr3,7949116__7950402,371,5.693698311,43288.4171,0.142857143,34.29649596,0.380053908,0.204851752,0.210242588
Arabidopsis_thaliana|Chr3|NC_003074.8|1887369__1888619,Arabidopsis,thaliana,no,Outgroup,,NC_003074.8,Chr3,1887369__1888619,385,5.290425682,43789.8143,0.103896104,37.43012987,0.342857143,0.262337662,0.223376623
Arabidopsis_thaliana|Chr3|NC_003074.8|1887336__1888619,Arabidopsis,thaliana,no,Outgroup,,NC_003074.8,Chr3,1887336__1888619,385,5.290425682,43789.8143,0.103896104,37.43012987,0.342857143,0.262337662,0.223376623
Prunus_avium|NW_018922253.1|65933__67141,Prunus,avium,no,Outgroup,,NW_018922253.1,,65933__67141,375,5.52954731,43594.0634,0.093333333,38.0792,0.346666667,0.2,0.226666667
Prunus_avium|NW_018921446.1|97566__98873,Prunus,avium,no,Outgroup,,NW_018921446.1,,97566__98873,410,5.171689034,47563.835,0.124390244,42.49756098,0.348780488,0.243902439,0.217073171
Prunus_avium|NW_018921488.1|93330__94568,Prunus,avium,no,Outgroup,,NW_018921488.1,,93330__94568,393,5.395634651,45640.1044,0.124681934,39.29440204,0.348600509,0.244274809,0.203562341
Malus_domestica|XM_008387569.3,Malus,domestica,no,Outgroup,,XM_008387569.3,,,366,6.125901985,42922.6683,0.133879781,31.72106557,0.379781421,0.221311475,0.218579235
Prunus_avium|NW_018922166.1|45069__46178,Prunus,avium,no,Outgroup,,NW_018922166.1,,45069__46178,362,4.922450066,41771.116,0.135359116,47.38953039,0.367403315,0.218232044,0.23480663
Malus_domestica|XM_008362538.3,Malus,domestica,no,Outgroup,,XM_008362538.3,,,363,5.054487038,42016.5061,0.132231405,44.77878788,0.360881543,0.217630854,0.23415978
Prunus_avium|NW_018921886.1|71724__73088,Prunus,avium,no,Outgroup,,NW_018921886.1,,71724__73088,341,7.907192421,39145.9081,0.108504399,45.99530792,0.325513196,0.240469208,0.219941349
Malus_domestica|XM_008384838.3,Malus,domestica,no,Outgroup,,XM_008384838.3,,,338,6.061844444,38741.9138,0.130177515,34.21420118,0.340236686,0.25739645,0.207100592
Citrus_maxima|Chr2|22435250__22436314,Citrus,maxima,no,Outgroup,,,Chr2,22435250__22436314,351,5.174872017,40623.9836,0.131054131,26.22421652,0.361823362,0.182336182,0.216524217
Citrus_maxima|Chr2|22404807__22405925,Citrus,maxima,no,Outgroup,,,Chr2,22404807__22405925,369,5.024646568,42626.4839,0.130081301,36.4701897,0.382113821,0.203252033,0.224932249
Solanum_chilense|RXGB01000523.1|130546__131655,Solanum,chilense,no,Outgroup,,RXGB01000523.1,,130546__131655,353,4.812125587,39965.3823,0.116147309,34.17226629,0.388101983,0.252124646,0.201133144
Coffea_eugenioides|NC_040038.1|34026579__34027745,Coffea,eugenioides,no,Outgroup,,NC_040038.1,,34026579__34027745,363,4.887550926,40833.5129,0.090909091,36.19641873,0.327823691,0.242424242,0.20661157
Coffea_eugenioides|NC_040038.1|11815699__11816964,Coffea,eugenioides,no,Outgroup,,NC_040038.1,,11815699__11816964,354,6.38486042,39879.027,0.09039548,40.74943503,0.375706215,0.220338983,0.259887006
Coffea_eugenioides|NC_040038.1|11812545__11813699,Coffea,eugenioides,no,Outgroup,,NC_040038.1,,11812545__11813699,353,5.86188488,39421.8362,0.099150142,47.86376771,0.359773371,0.269121813,0.223796034
Coffea_eugenioides|NC_040038.1|11977369__11978589,Coffea,eugenioides,no,Outgroup,,NC_040038.1,,11977369__11978589,373,8.597068596,41781.4976,0.096514745,43.64745308,0.35924933,0.262734584,0.217158177
Coffea_eugenioides|NC_040038.1|11797019__11798182,Coffea,eugenioides,no,Outgroup,,NC_040038.1,,11797019__11798182,356,8.478253365,40098.2019,0.095505618,36.65140449,0.351123596,0.247191011,0.207865169
Coffea_eugenioides|NC_040038.1|11791538__11792731,Coffea,eugenioides,no,Outgroup,,NC_040038.1,,11791538__11792731,356,7.734218025,39820.3843,0.101123596,35.80505618,0.348314607,0.27247191,0.191011236
Stenocereus_thurberi|NCQT01079366.1|6872__7996,Stenocereus,thurberi,no,Outgroup,,NCQT01079366.1,,6872__7996,359,4.838555717,40397.4786,0.097493036,47.31810585,0.339832869,0.236768802,0.236768802
Stenocereus_thurberi|NCQT01138075.1|2477__3595,Stenocereus,thurberi,no,Outgroup,,NCQT01138075.1,,2477__3595,340,4.943480492,38469.3258,0.102941176,51.27088235,0.347058824,0.232352941,0.244117647
Stenocereus_thurberi|NCQT01103141.1|3176__4312,Stenocereus,thurberi,no,Outgroup,,NCQT01103141.1,,3176__4312,359,5.85119915,40560.9958,0.100278552,44.01587744,0.359331476,0.242339833,0.239554318
Schlumbergera_truncata|FB_01,Schlumbergera,truncata,no,Outgroup,FB_01,,,,359,5.415187263,40797.0876,0.100278552,48.38440111,0.348189415,0.236768802,0.242339833
Stenocereus_thurberi|NCQT01138075.1|6880__7944,Stenocereus,thurberi,no,Outgroup,,NCQT01138075.1,,6880__7944,345,7.119731712,39002.4456,0.127536232,36.98057971,0.356521739,0.226086957,0.208695652
Stenocereus_thurberi|NCQT01079366.1|4026__5171,Stenocereus,thurberi,no,Outgroup,,NCQT01079366.1,,4026__5171,351,7.712335014,39296.834,0.108262108,32.99458689,0.356125356,0.242165242,0.210826211
Spinacia_oleracea|LZYP01001450.1|202768__203973,Spinacia,oleracea,no,Outgroup,,LZYP01001450.1,,202768__203973,380,4.480129051,43185.0636,0.1,48.75686842,0.315789474,0.242105263,0.228947368
Spinacia_oleracea|LZYP01001537.1|308338__309519,Spinacia,oleracea,no,Outgroup,,LZYP01001537.1,,308338__309519,372,4.648940849,42385.407,0.096774194,40.0986828,0.319892473,0.228494624,0.233870968
Spinacia_oleracea|LZYP01010339.1|967__2109,Spinacia,oleracea,no,Outgroup,,LZYP01010339.1,,967__2109,358,4.557714272,40832.7062,0.103351955,50.96511173,0.335195531,0.220670391,0.220670391
Spinacia_oleracea|LZYP01001205.1|119068__120147,Spinacia,oleracea,no,Outgroup,,LZYP01001205.1,,119068__120147,351,5.346980476,39969.701,0.122507123,37.6117094,0.384615385,0.233618234,0.219373219
Spinacia_oleracea|LZYP01001205.1|127982__129157,Spinacia,oleracea,no,Outgroup,,LZYP01001205.1,,127982__129157,370,5.015211296,42090.4864,0.110810811,44.27275676,0.318918919,0.237837838,0.208108108
Spinacia_oleracea|LZYP01001205.1|131821__132990,Spinacia,oleracea,no,Outgroup,,LZYP01001205.1,,131821__132990,368,4.934897804,42089.6423,0.108695652,48.8342663,0.345108696,0.214673913,0.222826087
Spinacia_oleracea|LZYP01000782.1|3084__4103,Spinacia,oleracea,no,Outgroup,,LZYP01000782.1,,3084__4103,323,6.058377266,37527.5147,0.148606811,40.30653251,0.383900929,0.219814241,0.213622291
Spinacia_oleracea|LZYP01000048.1|632285__633472,Spinacia,oleracea,no,Outgroup,,LZYP01000048.1,,632285__633472,378,4.830086708,43267.3938,0.116402116,48.76113757,0.333333333,0.21957672,0.216931217
Spinacia_oleracea|LZYP01001424.1|198828__200033,Spinacia,oleracea,no,Outgroup,,LZYP01001424.1,,198828__200033,380,5.071879768,43735.9947,0.126315789,39.67292105,0.355263158,0.223684211,0.218421053
Coffea_eugenioides|NC_040037.1|9244270__9245400,Coffea,eugenioides,no,Outgroup,,NC_040037.1,,9244270__9245400,361,6.71213932,41512.2654,0.121883657,49.54598338,0.360110803,0.246537396,0.229916898
Citrus_maxima|Chr5|41617961__41619037,Citrus,maxima,no,Outgroup,,,Chr5,41617961__41619037,352,6.625118828,39986.6727,0.107954545,41.34235795,0.349431818,0.238636364,0.210227273
Citrus_maxima|Chr9|20090165__20091262,Citrus,maxima,no,Outgroup,,,Chr9,20090165__20091262,353,4.817525291,40177.513,0.130311615,40.68898017,0.345609065,0.266288952,0.186968839
Malus_domestica|XM_008381926.2,Malus,domestica,no,Outgroup,,XM_008381926.2,,,368,8.981235695,42066.167,0.105978261,40.8682337,0.361413043,0.239130435,0.20923913
Malus_domestica|XM_008382103.3,Malus,domestica,no,Outgroup,,XM_008382103.3,,,376,7.15474453,43459.6567,0.106382979,41.43619681,0.359042553,0.22606383,0.239361702
Malus_domestica|XM_008347409.1,Malus,domestica,no,Outgroup,,XM_008347409.1,,,361,5.20113163,41492.8932,0.105263158,39.24130194,0.360110803,0.221606648,0.1966759
Prunus_avium|NW_018922115.1|6643__7776,Prunus,avium,no,Outgroup,,NW_018922115.1,,6643__7776,352,4.765460777,39957.4401,0.088068182,34.61619318,0.346590909,0.213068182,0.238636364
Malus_domestica|XM_008344235.2,Malus,domestica,no,Outgroup,,XM_008344235.2,,,359,7.985779381,40707.7875,0.094707521,39.34793872,0.378830084,0.233983287,0.208913649
Prunus_avium|NW_018921643.1|312679__313944,Prunus,avium,no,Outgroup,,NW_018921643.1,,312679__313944,366,7.104839897,41242.1377,0.101092896,43.12568306,0.382513661,0.259562842,0.226775956
Coffea_eugenioides|NC_040037.1|5930391__5931488,Coffea,eugenioides,no,Outgroup,,NC_040037.1,,5930391__5931488,352,8.954352379,40125.9696,0.136363636,32.7534375,0.372159091,0.25,0.21875
Coffea_eugenioides|NC_040037.1|5583176__5584312,Coffea,eugenioides,no,Outgroup,,NC_040037.1,,5583176__5584312,341,8.781641579,39111.2096,0.105571848,39.0428739,0.375366569,0.258064516,0.202346041
Coffea_eugenioides|NC_040045.1|6016225__6017406,Coffea,eugenioides,no,Outgroup,,NC_040045.1,,6016225__6017406,345,8.82225666,39531.7322,0.107246377,47.97226087,0.371014493,0.237681159,0.228985507
Arabidopsis_thaliana|Chr3|NC_003074.8|8622061__8623155,Arabidopsis,thaliana,no,Outgroup,,NC_003074.8,Chr3,8622061__8623155,348,7.570010185,39202.5192,0.109195402,38.08103448,0.344827586,0.244252874,0.215517241
Solanum_chilense|RXGB01005564.1|23693__24865,Solanum,chilense,no,Outgroup,,RXGB01005564.1,,23693__24865,357,6.230031013,40910.8383,0.128851541,46.21960784,0.364145658,0.291316527,0.18487395
Solanum_chilense|RXGB01011865.1|1169__2278,Solanum,chilense,no,Outgroup,,RXGB01011865.1,,1169__2278,353,6.434139824,40881.2089,0.138810198,37.05753541,0.382436261,0.257790368,0.192634561
Solanum_chilense|RXGB01004850.1|10438__11634,Solanum,chilense,no,Outgroup,,RXGB01004850.1,,10438__11634,372,6.801376534,42445.3178,0.13172043,47.02634409,0.384408602,0.282258065,0.212365591
Coffea_eugenioides|NC_040037.1|7961435__7962598,Coffea,eugenioides,no,Outgroup,,NC_040037.1,,7961435__7962598,354,7.21715374,39575.9669,0.115819209,34.42940678,0.370056497,0.276836158,0.220338983
Coffea_eugenioides|NC_040040.1|19645923__19647137,Coffea,eugenioides,no,Outgroup,,NC_040040.1,,19645923__19647137,373,5.430363274,42142.5162,0.112600536,44.03646113,0.36997319,0.243967828,0.214477212
Solanum_chilense|RXGB01004315.1|63812__64978,Solanum,chilense,no,Outgroup,,RXGB01004315.1,,63812__64978,362,7.076818275,40211.7374,0.107734807,36.31740331,0.350828729,0.29558011,0.20441989
Solanum_chilense|RXGB01005254.1|76376__77506,Solanum,chilense,no,Outgroup,,RXGB01005254.1,,76376__77506,364,7.901841545,40653.1986,0.142857143,36.80442308,0.368131868,0.282967033,0.236263736
Solanum_chilense|RXGB01022471.1|1964__3079,Solanum,chilense,no,Outgroup,,RXGB01022471.1,,1964__3079,364,6.541679192,40443.523,0.10989011,35.22087912,0.357142857,0.277472527,0.192307692
Coffea_eugenioides|NC_040039.1|5828371__5829501,Coffea,eugenioides,no,Outgroup,,NC_040039.1,,5828371__5829501,349,5.617590904,39329.6329,0.108882521,33.40432665,0.372492837,0.263610315,0.206303725
Coffea_eugenioides|NC_040037.1|7968915__7970024,Coffea,eugenioides,no,Outgroup,,NC_040037.1,,7968915__7970024,349,8.573021889,39455.79,0.106017192,37.19429799,0.346704871,0.255014327,0.194842407
Coffea_eugenioides|NC_040037.1|7958108__7959343,Coffea,eugenioides,no,Outgroup,,NC_040037.1,,7958108__7959343,363,4.705268288,41407.639,0.112947658,34.2046832,0.369146006,0.245179063,0.214876033
Coffea_eugenioides|NC_040037.1|23321732__23322943,Coffea,eugenioides,no,Outgroup,,NC_040037.1,,23321732__23322943,362,4.918585014,41274.3864,0.11878453,36.64005525,0.356353591,0.245856354,0.212707182
Coffea_eugenioides|NC_040041.1|6942747__6943982,Coffea,eugenioides,no,Outgroup,,NC_040041.1,,6942747__6943982,370,8.266345787,41641.4761,0.108108108,42.37513514,0.351351351,0.286486486,0.216216216
Coffea_eugenioides|NC_040037.1|20480500__20481873,Coffea,eugenioides,no,Outgroup,,NC_040037.1,,20480500__20481873,363,5.443720436,40874.0612,0.129476584,28.79393939,0.35261708,0.258953168,0.203856749
Coffea_eugenioides|NC_040037.1|6338132__6339355,Coffea,eugenioides,no,Outgroup,,NC_040037.1,,6338132__6339355,367,7.90841732,41683.2949,0.125340599,37.14089918,0.36239782,0.231607629,0.217983651
Coffea_eugenioides|NC_040037.1|6342859__6344130,Coffea,eugenioides,no,Outgroup,,NC_040037.1,,6342859__6344130,366,5.507948494,41044.5475,0.114754098,33.51502732,0.363387978,0.24863388,0.215846995
Coffea_eugenioides|NC_040037.1|7981155__7982453,Coffea,eugenioides,no,Outgroup,,NC_040037.1,,7981155__7982453,365,6.195188713,41685.4224,0.120547945,36.55479452,0.380821918,0.252054795,0.205479452
Coffea_eugenioides|NC_040037.1|7260579__7261862,Coffea,eugenioides,no,Outgroup,,NC_040037.1,,7260579__7261862,413,5.402398491,47149.3483,0.113801453,47.65280872,0.338983051,0.249394673,0.242130751
Coffea_eugenioides|NC_040037.1|7253372__7254640,Coffea,eugenioides,no,Outgroup,,NC_040037.1,,7253372__7254640,405,5.361019707,46623.7126,0.120987654,42.65358025,0.365432099,0.234567901,0.227160494
Coffea_eugenioides|NC_040037.1|7256072__7257316,Coffea,eugenioides,no,Outgroup,,NC_040037.1,,7256072__7257316,402,6.451759911,46553.858,0.134328358,40.29477612,0.36318408,0.213930348,0.23880597
Coffea_eugenioides|NC_040037.1|6627896__6628912,Coffea,eugenioides,no,Outgroup,,NC_040037.1,,6627896__6628912,326,8.309990883,37263.1762,0.119631902,47.98435583,0.328220859,0.279141104,0.205521472
Coffea_eugenioides|NC_040037.1|40490172__40491530,Coffea,eugenioides,no,Outgroup,,NC_040037.1,,40490172__40491530,387,8.559161186,44327.537,0.103359173,39.41627907,0.335917313,0.240310078,0.217054264
Coffea_eugenioides|NC_040037.1|40450276__40451478,Coffea,eugenioides,no,Outgroup,,NC_040037.1,,40450276__40451478,357,5.43786602,40935.3453,0.134453782,42.67683473,0.364145658,0.24929972,0.198879552
Coffea_eugenioides|NC_040037.1|13171113__13172249,Coffea,eugenioides,no,Outgroup,,NC_040037.1,,13171113__13172249,360,7.003268623,41176.6323,0.127777778,28.00863889,0.358333333,0.241666667,0.2
Coffea_eugenioides|NC_040037.1|15653759__15654982,Coffea,eugenioides,no,Outgroup,,NC_040037.1,,15653759__15654982,376,5.141905403,43069.5977,0.127659574,38.99422872,0.385638298,0.242021277,0.204787234
Coffea_eugenioides|NC_040037.1|40477163__40478356,Coffea,eugenioides,no,Outgroup,,NC_040037.1,,40477163__40478356,362,6.679229546,41209.3006,0.121546961,27.90331492,0.356353591,0.29281768,0.209944751
Coffea_eugenioides|NC_040035.1|40203261__40204556,Coffea,eugenioides,no,Outgroup,,NC_040035.1,,40203261__40204556,386,5.775489616,44116.7503,0.116580311,31.27849741,0.336787565,0.240932642,0.220207254
Coffea_eugenioides|NC_040035.1|40210303__40211532,Coffea,eugenioides,no,Outgroup,,NC_040035.1,,40210303__40211532,385,6.407596016,44212.3492,0.116883117,38.87220779,0.374025974,0.257142857,0.215584416
Coffea_eugenioides|NC_040035.1|40218974__40220191,Coffea,eugenioides,no,Outgroup,,NC_040035.1,,40218974__40220191,381,6.037062645,43986.282,0.120734908,46.99346457,0.375328084,0.230971129,0.230971129
Solanum_chilense|RXGB01000197.1|285655__286746,Solanum,chilense,no,Outgroup,,RXGB01000197.1,,285655__286746,358,5.620773888,40710.66,0.11452514,43.47122905,0.365921788,0.251396648,0.209497207
Solanum_chilense|RXGB01009522.1|13416__14537,Solanum,chilense,no,Outgroup,,RXGB01009522.1,,13416__14537,353,8.856682777,40500.171,0.113314448,38.11189802,0.354107649,0.229461756,0.169971671
Solanum_chilense|RXGB01013805.1|712__1881,Solanum,chilense,no,Outgroup,,RXGB01013805.1,,712__1881,354,8.535436821,40452.3211,0.121468927,42.58220339,0.378531073,0.257062147,0.18079096
Solanum_chilense|RXGB01002602.1|45627__46853,Solanum,chilense,no,Outgroup,,RXGB01002602.1,,45627__46853,351,8.335907173,40028.7746,0.133903134,29.08065527,0.393162393,0.253561254,0.196581197
Solanum_chilense|RXGB01004269.1|46096__47505,Solanum,chilense,no,Outgroup,,RXGB01004269.1,,46096__47505,350,8.514613533,39322.9169,0.114285714,41.9786,0.357142857,0.274285714,0.211428571
Solanum_chilense|RXGB01032479.1|122__1333,Solanum,chilense,no,Outgroup,,RXGB01032479.1,,122__1333,353,6.394011497,41144.6413,0.124645892,35.80084986,0.362606232,0.240793201,0.1898017
Solanum_chilense|RXGB01004315.1|56670__58004,Solanum,chilense,no,Outgroup,,RXGB01004315.1,,56670__58004,353,5.43729763,40257.7277,0.135977337,39.27648725,0.373937677,0.260623229,0.201133144
Solanum_chilense|RXGB01001707.1|166624__167841,Solanum,chilense,no,Outgroup,,RXGB01001707.1,,166624__167841,359,6.595221519,41094.6852,0.128133705,34.64428969,0.376044568,0.228412256,0.22005571
Solanum_chilense|RXGB01005266.1|36692__37765,Solanum,chilense,no,Outgroup,,RXGB01005266.1,,36692__37765,357,7.521640205,41818.591,0.145658263,35.01910364,0.380952381,0.240896359,0.224089636
Solanum_chilense|RXGB01004615.1|38926__40143,Solanum,chilense,no,Outgroup,,RXGB01004615.1,,38926__40143,357,7.016341591,41226.8084,0.151260504,42.85518207,0.37535014,0.271708683,0.173669468
Solanum_chilense|RXGB01005459.1|9077__10108,Solanum,chilense,no,Outgroup,,RXGB01005459.1,,9077__10108,361,6.771877098,41951.6371,0.155124654,33.3601108,0.385041551,0.246537396,0.188365651
Solanum_chilense|RXGB01024125.1|1001__2179,Solanum,chilense,no,Outgroup,,RXGB01024125.1,,1001__2179,360,8.376973534,42023.3123,0.122222222,45.49305556,0.380555556,0.236111111,0.225
Solanum_chilense|RXGB01004440.1|18793__20202,Solanum,chilense,no,Outgroup,,RXGB01004440.1,,18793__20202,359,8.73812542,41300.2943,0.105849582,37.09777159,0.367688022,0.250696379,0.222841226